,标题,公司地点,薪资待遇,工位要求,公司名称,公司级别,岗位技能,公司短评
0,数据分析师,[东城区],15k-25k,15k-25k 经验3-5年 / 本科,玩吧,社交 / B轮 / 150-500人,数据分析 SPSS SQL,"“七险一金,免费午餐,弹性不打卡,季度旅游”"
1,数据分析师,[大望路],10k-20k,10k-20k 经验不限 / 本科,和信集团,金融 / 不需要融资 / 2000人以上,数据分析,“五险一金、周末双休”
2,数据分析师,[望京],15k-25k,15k-25k 经验3-5年 / 本科,水滴互助,"移动互联网,医疗丨健康 / B轮 / 500-2000人",数据分析 MySQL Hive,"“年底双薪,股票期权,扁平管理,晋升快”"
3,数据分析,[西北旺],15k-30k,15k-30k 经验3-5年 / 本科,易企秀,移动互联网 / B轮 / 150-500人,数据运营 SPSS SQL,“七险一金、零食水果、带薪年假、年度旅游等”
4,数据分析师,[东城区],15k-20k,15k-20k 经验3-5年 / 大专,齐聚科技（原呱呱视频）,"移动互联网,游戏 / C轮 / 150-500人",游戏 社交 SQL 数据分析 商业,"“五险一金,弹性工作,餐补年终奖,节日福利”"
5,数据分析师,[望京],10k-20k,10k-20k 经验3-5年 / 本科,尚德机构,教育 / 上市公司 / 2000人以上,数据分析 数据运营 SQL,“带薪年假 下午茶 绩效奖金”
6,数据分析师-用户增长,[朝阳区],15k-30k,15k-30k 经验3-5年 / 本科,必要商城,电商 / 不需要融资 / 150-500人,电商 新零售 Hive MySQL 数据处理,"“C2M,牛人多,盈利平台”"
7,数据分析师,[中关村],9k-18k,9k-18k 经验1-3年 / 本科,西山居游戏,游戏 / 不需要融资 / 2000人以上,数据分析,"“大平台,前景广阔,六险一金,包一日三餐”"
8,数据分析,[酒仙桥],15k-25k,15k-25k 经验3-5年 / 本科,微店,电商 / C轮 / 500-2000人,电商 广告营销 增长黑客 SQL 商业,“独立负责 奖金期权多 福利好”
9,数据分析师,[朝外],30k-45k,30k-45k 经验5-10年 / 本科,凡普金科,金融 / 不需要融资 / 2000人以上,数据分析 数据运营,“发展空间，团队成员背景，学习氛围”
10,数据分析工程师,[朝阳区],15k-30k,15k-30k 经验1-3年 / 本科,洋钱罐,"移动互联网,金融 / 不需要融资 / 150-500人",数据分析,“十四薪；午餐晚餐；六险一金；地铁周边；”
11,数据分析师,[朝阳区],15k-30k,15k-30k 经验3-5年 / 本科,萌宝科技,"移动互联网,文娱丨内容 / 不需要融资 / 50-150人",教育 运营 数据分析 效果跟踪,“六险一金，周末双休”
12,数据分析师（反欺诈方向）,[朝阳区],15k-25k,15k-25k 经验3-5年 / 本科,本木医疗,"移动互联网,消费生活 / 不需要融资 / 50-150人",MySQL SQLServer 数据分析,"“薪资高,福利多”"
13,数据分析师,[西二旗],10k-20k,10k-20k 经验1-3年 / 本科,寄云科技,"移动互联网,数据服务 / A轮 / 50-150人",云计算 大数据 数据分析 SPSS SQL,"“股票期权,行业前沿,五险一金,定期体检”"
14,数据分析师（北京）(J10456),[大屯],10k-18k,10k-18k 经验5-10年 / 本科,百分点,数据服务 / D轮及以上 / 500-2000人,数据分析,“大数据 金融”
15,数据分析师-用户画像方向,[朝阳区],15k-25k,15k-25k 经验3-5年 / 本科,必要商城,电商 / 不需要融资 / 150-500人,电商 新零售 运营 产品运营 用户运营 电商运营,"“C2M,牛人多,盈利平台”"
16,数据产品/数据分析师（AI）,[中关村],15k-30k,15k-30k 经验3-5年 / 本科,大众问问,"移动互联网,硬件 / 不需要融资 / 150-500人",移动互联网 需求分析 数据分析,"“年底奖金,硅谷文化,技术成长”"
17,高级数据分析师,[朝阳区],25k-35k,25k-35k 经验5-10年 / 本科,发现旅行,旅游 / B轮 / 50-150人,数据分析,“扁平化管理 旅游基金 离地铁2分钟”
18,家长帮-数据分析师,[中关村],20k-40k,20k-40k 经验5-10年 / 本科,好未来,教育 / 上市公司 / 2000人以上,教育 数据分析,“上市公司 包晚餐 零食水果”
19,数据分析-店面管理,[朝阳区],8k-14k,8k-14k 经验1年以下 / 本科,北京链家,房产家居 / 不需要融资 / 2000人以上,数据分析,“大平台”
20,资深数据分析师,[朝阳区],25k-35k,25k-35k 经验3-5年 / 本科,雪球,金融 / D轮及以上 / 150-500人,数据分析 算法 数据挖掘,“六险一金 扁平管理 午餐补助”
21,高级数据分析师,[苏州街],20k-40k,20k-40k 经验5-10年 / 本科,拉勾网,企业服务 / D轮及以上 / 500-2000人,大数据 商业 数据分析,"“经营分析,数据分析,市场分析,行业调研”"
22,数据分析工程师,[西二旗],20k-40k,20k-40k 经验5-10年 / 本科,寄云科技,"移动互联网,数据服务 / A轮 / 50-150人",云计算 大数据 数据分析 数据库,“五险一金，带薪年假，弹性工作，”
23,高级数据分析师,[朝阳门],20k-40k,20k-40k 经验3-5年 / 本科,蛋壳公寓,消费生活 / C轮 / 2000人以上,数据分析,“技术大牛”
24,数据分析经理,[朝阳区],15k-25k,15k-25k 经验1-3年 / 本科,美菜网,电商 / D轮及以上 / 2000人以上,数据分析,“发展前景、双休、五险一金”
25,高级数据分析师,[望京],20k-35k,20k-35k 经验5-10年 / 本科,水滴互助,"移动互联网,医疗丨健康 / B轮 / 500-2000人",数据分析 数据运营 SQL BI,"“14薪,五险一金,晋升快,扁平管理”"
26,数据分析（BI开发）,[亚运村],20k-40k,20k-40k 经验3-5年 / 本科,阅文集团,文娱丨内容 / 上市公司 / 500-2000人,BI,“大平台，福利好，领导nice”
27,高级数据分析师-用户增长方向,[海淀区],18k-35k,18k-35k 经验3-5年 / 本科,字节跳动,文娱丨内容 / C轮 / 2000人以上,数据分析,“六险一金，弹性工作，免费三餐，租房补贴”
28,产品数据分析-用户方向11090,[朝阳区],20k-30k,20k-30k 经验5-10年 / 本科,车好多集团,消费生活 / D轮及以上 / 2000人以上,电商 产品设计 产品策划 需求分析 数据分析,"“股票期权,精英团队,工作氛围好”"
29,广告数据分析师,[上地],15k-25k,15k-25k 经验3-5年 / 本科,易企秀,移动互联网 / B轮 / 150-500人,移动互联网 数据分析,“七险一金、带薪年假、零食水果、年度旅游等”
30,数据分析专员-人力资源,[朝阳区],8k-12k,8k-12k 经验不限 / 本科,北京链家,房产家居 / 不需要融资 / 2000人以上,数据分析,“大平台”
31,商业数据分析,[中关村],6k-10k,6k-10k 经验1-3年 / 本科,拉勾网,企业服务 / D轮及以上 / 500-2000人,移动互联网 数据分析 行业分析,“成长空间，六险一金，公司食堂”
32,数据分析师,[海淀区],10k-20k,10k-20k 经验1-3年 / 本科,网易,电商 / 上市公司 / 2000人以上,数据分析,“业务前景好 薪资福利优厚 产品技术驱动”
33,高级数据分析师,[甜水园],16k-25k,16k-25k 经验3-5年 / 本科,优客工场,"企业服务,金融 / C轮 / 150-500人",企业服务 房产服务 BI 数据库 数据分析 数据运营,“提供很大的发展空间和职位上升机会”
34,数据分析师,[望京],15k-25k,15k-25k 经验3-5年 / 本科,mobike摩拜单车,汽车丨出行 / D轮及以上 / 150-500人,SQL BI 商业,“发展前景”
35,数据分析实习生,[望京],3k-5k,3k-5k 经验应届毕业生 / 本科,币世界,"移动互联网,金融 / A轮 / 150-500人",MySQL 数据分析,“周末双休”
36,数据分析师（数据策略方向）,[朝阳区],15k-30k,15k-30k 经验3-5年 / 本科,车好多集团,消费生活 / D轮及以上 / 2000人以上,电商 汽车 商业 SQL SPSS 数据分析,"“股票期权,独角兽,领导好,团队好”"
37,数据分析师（数据处理方向）,[东城区],15k-25k,15k-25k 经验3-5年 / 本科,凡普金科,金融 / 不需要融资 / 2000人以上,数据分析 MySQL SQLServer,“发展空间大”
38,数据分析师,[小关],10k-20k,10k-20k 经验不限 / 不限,北京华悦数金,"移动互联网,金融 / 不需要融资 / 2000人以上",大数据 数据分析,"“五险一金,周末双休,绩效奖金,午餐补贴”"
39,数据分析师,[团结湖],15k-25k,15k-25k 经验1-3年 / 本科,洋钱罐,"移动互联网,金融 / 不需要融资 / 150-500人",商业 数据分析 SPSS SQL,“科技驱动 年度旅游 弹性工作 福利充足”
40,数据分析师,[团结湖],15k-25k,15k-25k 经验3-5年 / 本科,动动,"移动互联网,医疗丨健康 / B轮 / 50-150人",商业 SQL 数据分析,"“弹性工作,出海产品,挑战大,海量数据”"
41,数据分析师,[望京],10k-20k,10k-20k 经验1-3年 / 本科,凤凰网,文娱丨内容 / 上市公司 / 2000人以上,数据分析,"“带薪休假,商业保险,广阔平台”"
42,数据分析师,[三里屯],15k-30k,15k-30k 经验不限 / 本科,PINTEC,"移动互联网,金融 / 上市公司 / 150-500人",大数据 金融 数据分析,"“五险一金,弹性工作,工作居住证,商业医疗”"
43,数据分析师（信息流业务方向）,[三里屯],10k-20k,10k-20k 经验3-5年 / 本科,爱奇艺,文娱丨内容 / 上市公司 / 2000人以上,商业 数据分析,“团队氛围好，职业选择清晰”
44,数据分析师,[望京],6k-12k,6k-12k 经验1-3年 / 本科,CMGE中手游,"移动互联网,游戏 / 上市公司 / 500-2000人",游戏 数据分析,"“公司平台大,福利待遇好,发展空间广,团队氛围棒”"
45,数据分析师（金融）,[朝阳区],20k-40k,20k-40k 经验3-5年 / 本科,车好多集团,消费生活 / D轮及以上 / 2000人以上,商业 可视化 数据分析,"“领导好,股票期权,奖金多,靠谱CEO”"
46,数据分析师（融资）,[亮马桥],8k-13k,8k-13k 经验1-3年 / 本科,有利网,金融 / 不需要融资 / 2000人以上,金融 SQL 数据库 数据分析 数据运营,“五险一金、带薪年假、晋升空间、大平台”
47,数据分析师,[团结湖],20k-30k,20k-30k 经验3-5年 / 本科,闪银奇异,"移动互联网,金融 / D轮及以上 / 500-2000人",互联网金融 数据分析 SQL,“免费午餐 发展空间大 团队氛围好”
48,数据分析师(J10380),[海淀区],15k-30k,15k-30k 经验3-5年 / 本科,伴鱼口语,移动互联网 / C轮 / 500-2000人,教育 移动互联网 数据分析 用户增长,“餐补房补，发展空间大，大牛多”
49,数据分析师（渠道/流量分析）,[雍和宫],20k-40k,20k-40k 经验3-5年 / 本科,省钱快报,"移动互联网,电商 / C轮 / 150-500人",电商 SQL 数据分析,“成长空间、技能提升、免费三餐”
50,数据分析师(J10086),[西二旗],10k-20k,10k-20k 经验1-3年 / 本科,斗米,"移动互联网,消费生活 / B轮 / 500-2000人",BI SQL 数据分析,“成长速度快，行业独角兽，上市倒计时”
51,数据分析师,[亮马桥],20k-35k,20k-35k 经验1-3年 / 本科,车托帮,"移动互联网,消费生活 / C轮 / 50-150人",商业,“五险一金，饭补”
52,数据分析师,[海淀区],10k-15k,10k-15k 经验1-3年 / 本科,波场TRON,"移动互联网,金融 / 不需要融资 / 150-500人",社交 移动互联网 数据分析 策略 用户研究,“晋升明确 五险一金 晚餐房补 氛围好”
53,数据分析,[海淀区],12k-24k,12k-24k 经验3-5年 / 本科,悠贝 | YOURBAY,"教育,文娱丨内容 / 不需要融资 / 50-150人",教育 SQL,“晋升空间大，培训完善，公司逗比多”
54,数据分析师-增长,[东城区],15k-25k,15k-25k 经验1-3年 / 本科,凡普金科,金融 / 不需要融资 / 2000人以上,ETL 数据仓库 数据分析 SQLServer,“发展空间大”
55,数据分析师,[海淀区],14k-20k,14k-20k 经验1-3年 / 本科,下厨房,移动互联网 / B轮 / 50-150人,移动互联网 增长黑客 数据分析 商业,"“带薪年假多,免费午餐,弹性时间”"
56,数据分析,[安定门],8k-15k,8k-15k 经验1-3年 / 本科,世纪佳缘,移动互联网 / 上市公司 / 500-2000人,数据运营,"“成熟团队,上升空间”"
57,数据分析师,[四惠],8k-12k,8k-12k 经验1-3年 / 本科,中澜视讯,"移动互联网,文娱丨内容 / A轮 / 50-150人",移动互联网 可视化 数据运营 SPSS SQL,“绩效奖金 年终奖金 弹性工作”
58,数据分析,[东城区],13k-18k,13k-18k 经验1-3年 / 本科,齐聚科技（原呱呱视频）,"移动互联网,游戏 / C轮 / 150-500人",直播 数据库 SQL,“团队氛围轻松融洽 热门行业 发展前景好”
59,数据分析师,[中关村],10k-20k,10k-20k 经验不限 / 硕士,博雅大数据学院,教育 / 未融资 / 50-150人,大数据 数据分析,“深耕于北大，打造在线数据科学家培养平台”
60,数据分析师,[三元桥],15k-25k,15k-25k 经验1-3年 / 本科,有利网,金融 / 不需要融资 / 2000人以上,数据分析 SQL,“公司规模大 五险一金 发展空间大”
61,数据分析师(J10437),[海淀区],10k-20k,10k-20k 经验1-3年 / 本科,伴鱼口语,移动互联网 / C轮 / 500-2000人,移动互联网 教育 数据分析,“年底双薪，技术氛围好，偏平化管理风格”
62,数据分析师(建模方向),[朝阳区],20k-35k,20k-35k 经验5-10年 / 本科,瑞银信,"移动互联网,金融 / 不需要融资 / 2000人以上",大数据 金融 Hadoop 算法 数据挖掘 数据分析,“五险一金，餐补，交通便利，环境高大上”
63,数据分析师,[望京],15k-30k,15k-30k 经验3-5年 / 本科,玖富数科集团,金融 / D轮及以上 / 2000人以上,SQL SPSS,“成长空间大，五险一金”
64,数据分析师,[大兴区],20k-25k,20k-25k 经验3-5年 / 本科,爱回收,"电商,消费生活 / D轮及以上 / 2000人以上",电商 新零售 数据分析 数据运营,"“独角兽公司,发展空间大,核心业务”"
65,数据分析师,[朝外],15k-25k,15k-25k 经验1-3年 / 本科,逍遥志科技,"移动互联网,金融 / A轮 / 15-50人",数据分析 数据库 SQL 可视化,“精英团队，创业初期，前景光明”
66,数据分析师,[朝阳区],15k-20k,15k-20k 经验3-5年 / 本科,北京合生活网络科技有限公司,消费生活 / 不需要融资 / 150-500人,本地生活 数据分析 数据运营 SQL BI,“餐补，话补，交通补，全额公积金，带薪病假”
67,数据分析师-风控,[东城区],15k-25k,15k-25k 经验1-3年 / 本科,凡普金科,金融 / 不需要融资 / 2000人以上,可视化 数据分析 商业 SQL,“发展空间大”
68,数据分析师,[西北旺],15k-30k,15k-30k 经验3-5年 / 本科,OKCoin,金融 / B轮 / 500-2000人,数据分析,"“氛围好,行业热,技术型”"
69,数据分析师（商业分析团队）,[团结湖],10k-15k,10k-15k 经验1-3年 / 本科,闪银奇异,"移动互联网,金融 / D轮及以上 / 500-2000人",数据分析 SQL,“七险一金，免费自助餐，健身房，大咖云集”
70,数据分析师,[海淀区],25k-50k,25k-50k 经验3-5年 / 本科,茄子快传,工具 / B轮 / 150-500人,视频 工具软件 数据分析 数据运营 SQL 商业,“16薪”
71,数据分析师,[望京],20k-35k,20k-35k 经验1-3年 / 本科,数美,"企业服务,数据服务 / B轮 / 150-500人",大数据 数据挖掘,"“大牛如云,飞速发展,海量数据,海量数据”"
72,数据分析师,[望京],15k-20k,15k-20k 经验1-3年 / 本科,火花思维,"移动互联网,教育 / C轮 / 500-2000人",数据分析,“七险一金”
73,数据分析师,[朝阳区],15k-30k,15k-30k 经验5-10年 / 本科,考虫网,教育 / D轮及以上 / 150-500人,教育 移动互联网 数据分析,"“周末双休,试用期全薪,节日福利,年底双薪”"
74,数据分析师,[望京],17k-30k,17k-30k 经验5-10年 / 本科,喜马拉雅,"移动互联网,文娱丨内容 / D轮及以上 / 500-2000人",BI 可视化 SQL 数据库,“16薪 周末双休 极客文化 弹性工作”
75,数据分析师,[望京],10k-20k,10k-20k 经验1-3年 / 本科,玖富数科集团,金融 / D轮及以上 / 2000人以上,SQL 数据分析,“成长空间大，五险一金”
76,数据分析,[亮马桥],10k-20k,10k-20k 经验3-5年 / 本科,有利网,金融 / 不需要融资 / 2000人以上,BI SQL 数据库,“五险一金，周末双休，带薪年假、节日福利”
77,数据分析师,[望京],15k-25k,15k-25k 经验1-3年 / 本科,数美,"企业服务,数据服务 / B轮 / 150-500人",大数据 数据挖掘 数据分析,"“大牛如云,技术氛围,大佬领投,七险一金”"
78,数据分析师,[海淀区],15k-30k,15k-30k 经验不限 / 本科,字节跳动,文娱丨内容 / C轮 / 2000人以上,项目管理,“六险一金，高薪期权，弹性工作，免费三餐”
79,数据分析师,[海淀区],15k-25k,15k-25k 经验3-5年 / 本科,团车网,"移动互联网,消费生活 / 上市公司 / 500-2000人",数据分析,“五险一金，绩效奖金，带薪年假”
80,数据分析师（风控建模方向）,[东四],15k-30k,15k-30k 经验1-3年 / 硕士,中诚信征信,"数据服务,人工智能 / 不需要融资 / 150-500人",大数据 征信 数据分析,"“五险一金,免费午餐,下午茶,独立四合院”"
81,数据分析师（零售行业）,[东城区],20k-35k,20k-35k 经验5-10年 / 本科,高济医疗,"医疗丨健康,数据服务 / 不需要融资 / 150-500人",新零售 数据分析,"“BAT大拿,资金雄厚,弹性工作”"
82,数据分析师,[朝阳区],20k-40k,20k-40k 经验3-5年 / 本科,信产集团,"移动互联网,电商 / 不需要融资 / 2000人以上",汽车,“逻辑强大 构建平台”
83,数据分析师,[望京],20K-40K,20K-40K 经验1-3年 / 本科,一览科技,"移动互联网,文娱丨内容 / B轮 / 150-500人",大数据 数据挖掘 数据分析,“待遇优厚”
84,数据分析师,[朝阳区],15k-30k,15k-30k 经验3-5年 / 本科,猿辅导,"移动互联网,教育 / D轮及以上 / 2000人以上",教育 BI 数据分析,“五一9天假、双休、旅游津贴、nice领导”
85,数据分析员,[学院路],5k-7k,5k-7k 经验1年以下 / 本科,久爱致和,电商 / 上市公司 / 150-500人,电商 新零售 数据仓库 数据分析 数据处理,"“上市公司,六险一金,年度旅游,年度体检”"
86,数据分析师,[朝阳区],20k-35k,20k-35k 经验5-10年 / 不限,易观,"移动互联网,数据服务 / B轮 / 150-500人",数据分析 BI 增长黑客,“互联网大数据领先品牌 六险一金 弹性工作”
87,数据分析师,[大屯],20k-35k,20k-35k 经验3-5年 / 本科,百乘金科集团,金融 / 上市公司 / 2000人以上,数据分析 SQL 数据库,"“地铁周边,节日福利,年终奖金,晋升空间”"
88,数据分析师,[朝阳区],10k-20k,10k-20k 经验1-3年 / 本科,源梦伟业,"移动互联网,数据服务 / 未融资 / 50-150人",数据分析,“扁平化管理，团队nice”
89,数据分析师,[海淀区],20k-40k,20k-40k 经验3-5年 / 本科,Aibee,"移动互联网,企业服务 / A轮 / 150-500人",SQL BI 可视化 数据分析,“带薪年假 商业保险”
90,数据分析（融资方向）,[朝阳区],8k-14k,8k-14k 经验1-3年 / 本科,有利网,金融 / 不需要融资 / 2000人以上,BI SQL 数据库,“发展空间大 团队nice”
91,数据分析师,[中关村],10k-15k,10k-15k 经验3-5年 / 本科,无极慧通,"医疗丨健康,数据服务 / A轮 / 50-150人",医疗健康 大数据,"“广阔的发展,创业公司,融洽的办公”"
92,数据分析师,[亚运村],14k-25k,14k-25k 经验1-3年 / 本科,花生米富,"移动互联网,金融 / B轮 / 150-500人",互联网金融 MySQL 数据分析,“福利待遇好、团队气氛好、上升空间大”
93,数据分析师/数据科学家,[五道口],20k-40k,20k-40k 经验3-5年 / 硕士,商汤科技,人工智能 / C轮 / 2000人以上,数据分析 数据挖掘 算法,"“薪酬福利优,领导靠谱,成长空间”"
94,数据分析师,[大屯],15k-25k,15k-25k 经验1-3年 / 本科,百乘金科集团,金融 / 上市公司 / 2000人以上,数据分析 SQL 数据库,"“带薪年假,,五险一金，地铁周边”"
95,数据分析师（旅行家）,[海淀区],15k-25k,15k-25k 经验5-10年 / 本科,汽车之家,汽车丨出行 / 上市公司 / 2000人以上,移动互联网,“上市公司”
96,数据分析师,[上地],20k-30k,20k-30k 经验3-5年 / 本科,贝壳,房产家居 / D轮及以上 / 2000人以上,BI SQL 数据库 数据分析,"“免费三餐,绩效奖金,卓越团队,带薪年假”"
97,数据分析师,[朝阳区],15k-25k,15k-25k 经验3-5年 / 本科,掌阅,文娱丨内容 / 上市公司 / 500-2000人,移动互联网,“上市公司，六险一金，工作氛围好”
98,数据分析师（北京）,[望京],8k-15k,8k-15k 经验1-3年 / 本科,高登世德金融科技,"金融,数据服务 / A轮 / 50-150人",数据分析,"“五险一金 ,扁平管理,周末双休,专业培训”"
99,数据分析师,[和平里],15k-20k,15k-20k 经验3-5年 / 本科,爱卡汽车,"移动互联网,社交 / 不需要融资 / 500-2000人",广告营销 移动互联网 数据分析 SQL,"“六险一金,带薪年假,全薪病假,办公环境棒”"
100,有品-数据分析师,[西三旗],15k-30k,15k-30k 经验3-5年 / 本科,小米,硬件 / D轮及以上 / 2000人以上,运营,"“发展空间大,绩效激励,每日餐补”"
101,数据分析师,[团结湖],20k-30k,20k-30k 经验3-5年 / 本科,宝宝树,社交 / D轮及以上 / 500-2000人,BI 数据分析,“垂直领先，商业保险、技术氛围”
102,数据分析师,[朝阳区],15k-25k,15k-25k 经验1-3年 / 本科,猎豹移动,"移动互联网,信息安全 / 上市公司 / 500-2000人",金融 移动互联网 SPSS 数据分析 SQL 商业,“六险一金，免费班车，补助，年终奖，健身房”
103,数据分析师（流媒体方向）,[西二旗],20k-40k,20k-40k 经验1-3年 / 本科,快手,文娱丨内容 / D轮及以上 / 2000人以上,大数据 数据分析,“大平台、数据量大、团队福利好”
104,数据分析师,[朝阳门],15k-20k,15k-20k 经验3-5年 / 本科,居理新房,移动互联网 / B轮 / 500-2000人,BI 数据分析 SQL,“大平台 发展快 带薪旅游 体检”
105,大数据研发工程师-大数据分析师,[中关村],18k-35k,18k-35k 经验3-5年 / 本科,有利网,金融 / 不需要融资 / 2000人以上,算法 搜索 数据挖掘 数据分析,"“团队稳定,周末双休,薪资待遇好”"
106,数据分析师,[双井],10k-20k,10k-20k 经验不限 / 不限,皇包车,"移动互联网,旅游 / C轮 / 150-500人",旅游,“六险一金，定期体检，公司环境佳”
107,数据分析师（大数据AI行业）,[海淀区],20k-40k,20k-40k 经验5-10年 / 本科,绿湾科技,"企业服务,数据服务 / B轮 / 150-500人",数据分析 SPSS,“弹性上下班/交通便利/下午茶/住房补贴”
108,数据分析师,[西北旺],15k-30k,15k-30k 经验5-10年 / 本科,滴滴,汽车丨出行 / 不需要融资 / 2000人以上,商业 BI 数据分析 数据运营,“广阔平台，急速成长”
109,数据分析师,[西三旗],18k-35k,18k-35k 经验3-5年 / 本科,小米,硬件 / D轮及以上 / 2000人以上,大数据 数据分析,“年薪奖，餐补”
110,数据分析师,[海淀区],20k-30k,20k-30k 经验3-5年 / 本科,字节跳动,文娱丨内容 / C轮 / 2000人以上,数据分析,“六险一金，弹性工作，免费三餐，租房补贴”
111,23048-数据分析师,[北京大学],18k-36k,18k-36k 经验3-5年 / 本科,腾讯,社交 / 上市公司 / 2000人以上,数据挖掘 数据分析,"“大平台,新领域,大咖多”"
112,数据分析（HRBI）,[望京],16k-30k,16k-30k 经验5-10年 / 本科,美团点评,消费生活 / 上市公司 / 2000人以上,商业 BI 数据分析,“优秀团队，发展空间”
113,数据分析师,[望京],15k-20k,15k-20k 经验1-3年 / 本科,凤凰网,文娱丨内容 / 上市公司 / 2000人以上,数据挖掘 数据分析,“公司规模大 领导nice 福利好”
114,大数据分析师,[朝阳区],15k-22k,15k-22k 经验1-3年 / 本科,码上赢,"移动互联网,企业服务 / A轮 / 50-150人",数据挖掘 数据仓库,“阿里大牛、带薪年假、五险一金 周末双休”
115,数据分析经理,[朝阳区],15k-30k,15k-30k 经验5-10年 / 本科,自如网,房产家居 / A轮 / 2000人以上,大数据 数据分析 SPSS,"“绩效奖金,年底双薪,餐补,房补”"
116,大数据分析师,[太平桥],30k-40k,30k-40k 经验5-10年 / 硕士,建信金科,"金融,不限 / 不需要融资 / 2000人以上",数据分析,“福利前景好”
117,数据分析师-用户增长方向,[西北旺],15k-30k,15k-30k 经验3-5年 / 本科,微聚未来,"移动互联网,金融 / 不需要融资 / 500-2000人",数据分析 SQL,"“牛人团队,带薪年假,16薪考核,快速成长”"
118,数据分析师-03,[海淀区],13k-25k,13k-25k 经验1-3年 / 本科,希为科技,"企业服务,金融 / 不需要融资 / 50-150人",金融 数据分析,“14薪；年轻有活力的团队；五险一金；”
119,数据分析师（广告投放）,[朝阳区],12k-18k,12k-18k 经验3-5年 / 本科,掌阅,文娱丨内容 / 上市公司 / 500-2000人,移动互联网,"“六险一金,上市公司,发展空间大”"
120,数据分析师,[双井],12k-22k,12k-22k 经验1-3年 / 本科,皇包车,"移动互联网,旅游 / C轮 / 150-500人",电商 旅游 BI,“带薪休假，年底多薪，定期体检，公司环境佳”
121,数据分析师,[海淀区],20k-40k,20k-40k 经验3-5年 / 本科,字节跳动,文娱丨内容 / C轮 / 2000人以上,产品经理,“六险一金，弹性工作，租房补贴，带薪休假”
122,数据分析师（资源分析）,[和平里],15k-20k,15k-20k 经验3-5年 / 本科,爱卡汽车,"移动互联网,社交 / 不需要融资 / 500-2000人",数据分析,"“六险一金,全薪病假,办公环境棒”"
123,数据分析师（行业频道）,[中关村],15k-25k,15k-25k 经验3-5年 / 本科,汽车之家,汽车丨出行 / 上市公司 / 2000人以上,汽车 数据分析,"“优秀平台,绩效奖金,六险一金,出国游”"
124,数据分析师,[望京],10k-20k,10k-20k 经验3-5年 / 本科,美住,"消费生活,电商 / A轮 / 500-2000人",电商 商业 BI,"“五险一金,弹性工作,扁平管理,大牛带队”"
125,数据分析师,[亦庄],20k-30k,20k-30k 经验3-5年 / 本科,达达-京东到家,消费生活 / D轮及以上 / 2000人以上,BI SQL SPSS,“成长快、氛围好、领导好”
126,数据分析师,[酒仙桥],15k-25k,15k-25k 经验3-5年 / 本科,V.FINE MUSIC,"企业服务,文娱丨内容 / A轮 / 50-150人",商业 数据分析 数据库,“发展空间大 福利好 氛围轻松自由”
127,数据分析师,[上地],20k-40k,20k-40k 经验1-3年 / 硕士,轻趣,移动互联网 / 天使轮 / 15-50人,SQL 可视化 数据分析 增长黑客,“硅谷技术，多元数据，股票期权”
128,数据分析师,[东坝],15k-20k,15k-20k 经验3-5年 / 本科,papitube,"文娱丨内容,移动互联网 / A轮 / 50-150人",视频 直播 数据分析,"“环境好,团队和谐,同时融洽,晋升空间大”"
129,数据分析师,[昌平区],17k-23k,17k-23k 经验3-5年 / 本科,泰康在线,"移动互联网,金融 / 不需要融资 / 500-2000人",数据分析,“五险一金，年终奖，免费体检，免费班车”
130,数据分析师,[石佛营],15k-30k,15k-30k 经验3-5年 / 本科,VIPKID,教育 / D轮及以上 / 2000人以上,数据分析 SQL,“团队氛围好、发展空间大”
131,数据分析师,[朝阳区],15k-30k,15k-30k 经验1-3年 / 本科,妙健康,移动互联网 / C轮 / 150-500人,数据分析 数据运营,“六险一金，福利健全，平台发展前景好”
132,数据分析师,[海淀区],30k-50k,30k-50k 经验3-5年 / 本科,贝壳,房产家居 / D轮及以上 / 2000人以上,MySQL Scala 数据分析,“福利好，成长高”
133,数据分析,[朝阳区],10k-20k,10k-20k 经验不限 / 本科,瑞银信,"移动互联网,金融 / 不需要融资 / 2000人以上",金融,"“五险一金,定期体检,每月补贴”"
134,数据分析师,[中关村],10k-20k,10k-20k 经验应届毕业生 / 本科,百融云创,金融 / C轮 / 500-2000人,大数据,"“带薪休假,年度旅游,五险一金,绩效奖励”"
135,数据分析师,[海淀区],15k-30k,15k-30k 经验1-3年 / 本科,字节跳动,文娱丨内容 / C轮 / 2000人以上,数据挖掘,“六险一金，弹性工作，免费三餐，租房补贴，带薪休假，扁平管理，职业大牛，晋升空间，团队氛围好，优厚薪资”
136,数据分析师,[石佛营],15k-25k,15k-25k 经验1-3年 / 本科,VIPKID,教育 / D轮及以上 / 2000人以上,BI 数据分析,“团队氛围好、发展空间大”
137,数据分析师,[中关村],10k-15k,10k-15k 经验应届毕业生 / 硕士,百融云创,金融 / C轮 / 500-2000人,数据分析,"“福利补贴,弹性工作”"
138,数据分析（资金方向）,[朝阳区],15k-25k,15k-25k 经验1-3年 / 本科,美利金融,金融 / B轮 / 2000人以上,分析师,"“氛围棒棒哒,帅哥美女多,专业大牛”"
139,数据分析师,[西苑],10k-18k,10k-18k 经验3-5年 / 本科,花生米富,"移动互联网,金融 / B轮 / 150-500人",互联网金融 MySQL,“福利待遇好、团队气氛好、上升空间大”
140,数据分析师,[中关村],16k-24k,16k-24k 经验不限 / 本科,朴新网校,教育 / 上市公司 / 2000人以上,教育 决策能力 业务流程管理,“美国上市集团，热门行业，重点项目”
141,数据分析（业务策略）,[朝阳区],20k-30k,20k-30k 经验3-5年 / 本科,美团点评,消费生活 / 上市公司 / 2000人以上,数据分析,“平台大”
142,数据分析师（数据产品开发与建模）,[朝阳区],15k-30k,15k-30k 经验3-5年 / 本科,天创信用,"移动互联网,金融 / B轮 / 150-500人",移动互联网 金融 数据分析 数据运营 SQL,“弹性工作，不打卡，领导nice，补充医疗”
143,数据分析师,[朝阳区],20k-30k,20k-30k 经验3-5年 / 本科,百信银行,金融 / 不需要融资 / 150-500人,互联网金融 银行,“工作独立创新、薪酬待遇优厚可谈”
144,数据分析师,[东城区],15k-20k,15k-20k 经验3-5年 / 本科,彩讯股份,"移动互联网,消费生活 / 上市公司 / 500-2000人",节日礼物 技能培训 年度旅游 岗位晋升,“大数据平台、五险一金、年终奖、司龄津贴”
145,数据分析师,[大望路],10k-20k,10k-20k 经验1-3年 / 本科,和信贷,金融 / 上市公司 / 150-500人,数据分析,“五险一金、周末双休”
146,数据分析师,[三里屯],15k-25k,15k-25k 经验1-3年 / 本科,PINTEC,"移动互联网,金融 / 上市公司 / 150-500人",互联网金融 数据分析,"“六险一金,带薪假期,工作居住证,外资团队”"
147,数据分析师,[酒仙桥],15k-25k,15k-25k 经验3-5年 / 本科,人人公司,"社交,金融 / 上市公司 / 2000人以上",数据分析,"“弹性工作,领导好,市场前景好”"
148,数据分析师,[西北旺],15k-30k,15k-30k 经验3-5年 / 本科,LinkedME,"移动互联网,企业服务 / A轮 / 50-150人",数据分析,"“14薪,公积金全额,年两次涨薪,免费午餐”"
149,数据分析师,[上地],15k-25k,15k-25k 经验1-3年 / 本科,金山办公软件,移动互联网 / 上市公司 / 2000人以上,数据分析 SQL 商业 数据库,"“免费三餐,免费健身房”"
150,数据分析师-电商方向,[海淀区],10k-20k,10k-20k 经验3-5年 / 本科,字节跳动,文娱丨内容 / C轮 / 2000人以上,产品,“六险一金，弹性工作，免费三餐，租房补贴”
151,数据分析师,[中关村],10k-20k,10k-20k 经验应届毕业生 / 本科,百融云创,金融 / C轮 / 500-2000人,大数据,"“年度旅游,带薪休假,绩效奖励,五险一金”"
152,数据分析师,[朝阳区],30k-40k,30k-40k 经验5-10年 / 本科,美团点评,消费生活 / 上市公司 / 2000人以上,SQL 数据分析 商业,“知名互联网平台”
153,数据分析师,[朝阳区],15k-25k,15k-25k 经验3-5年 / 本科,本木医疗,"移动互联网,消费生活 / 不需要融资 / 50-150人",大数据 SQLServer Hive 数据分析,“数据产品”
154,数据分析师,[西北旺],10k-20k,10k-20k 经验1-3年 / 硕士,清帆科技,"移动互联网,教育 / A轮 / 15-50人",商业 可视化 数据分析,"“期权激励,晋升空间大,优秀团队,蓝海领域”"
155,数据分析师,[大望路],15k-25k,15k-25k 经验3-5年 / 本科,和信贷,金融 / 上市公司 / 150-500人,数据分析,“五险一金 地铁周边 周末双休 带薪年假”
156,数据分析师,[酒仙桥],13k-20k,13k-20k 经验1-3年 / 本科,北京链家,房产家居 / 不需要融资 / 2000人以上,房产服务 BI 数据分析 商业,"“时间灵活,领导好,工作环境好,氛围轻松”"
157,数据分析师,[海淀区],15k-25k,15k-25k 经验不限 / 本科,酷划在线,移动互联网 / 不需要融资 / 150-500人,移动互联网 数据分析,“舒适工作环境 诱惑薪酬福利 良好文化氛围”
158,数据分析师,[月坛],9k-12k,9k-12k 经验不限 / 大专,彩讯股份,"移动互联网,消费生活 / 上市公司 / 500-2000人",企业服务 移动互联网 数据分析 数据运营 数据库 SQL,“五险一金 领导nice 上市公司理”
159,数据分析师,[海淀区],15k-30k,15k-30k 经验3-5年 / 本科,混沌大学,"移动互联网,教育 / 不需要融资 / 150-500人",数据分析 SQL 数据库,"“弹性工作,六险一金,年度体检,学习氛围”"
160,大数据分析师（自然语言处理方向）,[百子湾],10k-20k,10k-20k 经验不限 / 本科,泛钛客,"金融,数据服务 / A轮 / 150-500人",金融 NLP 算法 数据分析,"“发展空间大,待遇高,各种补贴”"
161,数据分析师,[昌平区],15k-20k,15k-20k 经验3-5年 / 本科,泰康保险集团,金融 / 不需要融资 / 2000人以上,医疗健康 大数据 数据分析 BI 数据运营 数据库,“大健康产业生态前景无限”
162,数据分析师,[酒仙桥],10k-15k,10k-15k 经验5-10年 / 本科,造作,"消费生活,电商 / B轮 / 150-500人",电商 大数据 数据分析 SPSS,"“广阔空间,年轻团队,欢乐氛围”"
163,数据分析师-用户增长方向,[朝阳区],18k-35k,18k-35k 经验3-5年 / 本科,雪球,金融 / D轮及以上 / 150-500人,数据分析,“六险一金 扁平管理 空间大”
164,数据分析师,[八角],15k-30k,15k-30k 经验3-5年 / 本科,畅游,"移动互联网,游戏 / 上市公司 / 2000人以上",SPSS BI 可视化 数据分析,“五险一金 绩效奖金 交通补助 带薪年假”
165,数据分析师,[海淀区],20k-30k,20k-30k 经验3-5年 / 本科,字节跳动,文娱丨内容 / C轮 / 2000人以上,移动互联网 SQL 可视化,“六险一金，弹性工作，免费三餐，租房补贴”
166,数据分析师,[中关村],10k-20k,10k-20k 经验应届毕业生 / 本科,百融云创,金融 / C轮 / 500-2000人,数据分析,"“福利好,环境好,扁平化,领导是大牛”"
167,数据分析师,[朝阳区],10k-20k,10k-20k 经验3-5年 / 本科,美团点评,消费生活 / 上市公司 / 2000人以上,数据分析,“大平台，绩效奖金，班车”
168,数据分析师（业务分析）-【商业化】,[西二旗],20k-40k,20k-40k 经验3-5年 / 本科,快手,文娱丨内容 / D轮及以上 / 2000人以上,数据分析,“扁平化管理”
169,增长黑客-数据分析方向,[知春路],25k-50k,25k-50k 经验不限 / 不限,天眼查,数据服务 / A轮 / 150-500人,增长黑客 数据分析 数据运营 商业,"“精湛的团队,超牛的技术,超棒的领导”"
170,风险计量部-数据分析师,[酒仙桥],15k-30k,15k-30k 经验不限 / 本科,贝壳金服,金融 / 未融资 / 500-2000人,数据分析,“六险一金 带薪年假 节日福利”
171,数据分析师,[西北旺],15k-25k,15k-25k 经验3-5年 / 本科,贝壳,房产家居 / D轮及以上 / 2000人以上,MySQL,"“15薪,13天年假,三餐，每月3天病假”"
172,大数据分析师,[百子湾],10k-20k,10k-20k 经验不限 / 本科,泛钛客,"金融,数据服务 / A轮 / 150-500人",教育 算法 数据挖掘 数据分析,"“发展空间大,待遇高,各种补贴”"
173,数据科学家 - 数据分析,[朝外],30k-50k,30k-50k 经验3-5年 / 硕士,Airbnb,移动互联网 / D轮及以上 / 2000人以上,ETL MySQL 数据分析 数据处理,"“硅谷独角兽,独角兽,纯英文办公”"
174,数据分析师,[北京大学],8k-13k,8k-13k 经验1-3年 / 本科,随行付金科,"移动互联网,金融 / 未融资 / 150-500人",互联网金融 数据分析,“六险一金 快速发展 团队旅行”
175,数据分析师,[小关],15k-30k,15k-30k 经验1-3年 / 不限,快看漫画,文娱丨内容 / D轮及以上 / 150-500人,数据分析,“零食水果 免费晚餐 发展空间大”
176,数据分析师,[三元桥],10k-20k,10k-20k 经验3-5年 / 本科,信产集团,"移动互联网,电商 / 不需要融资 / 2000人以上",商业 数据分析 SPSS SQL,“大平台 好福利”
177,数据分析师,[大望路],12k-20k,12k-20k 经验1-3年 / 本科,DataStory,数据服务 / B轮 / 150-500人,广告营销 大数据 商业 数据分析 SPSS,"“颜值高,氛围好,周末双休”"
178,数据分析师,[大望路],10k-20k,10k-20k 经验1-3年 / 本科,她理财,金融 / A轮 / 50-150人,数据分析,“互联网金融 期权激励 六险一金 优秀团队”
179,数据分析师,[北京大学],15k-30k,15k-30k 经验3-5年 / 本科,新东方在线,"移动互联网,教育 / 不需要融资 / 500-2000人",数据分析 SQL 数据库,“技术氛围好、福利待遇好”
180,数据分析师,[海淀区],18k-30k,18k-30k 经验3-5年 / 本科,字节跳动,文娱丨内容 / C轮 / 2000人以上,数据分析,“六险一金，弹性工作，免费三餐，租房补贴”
181,数据分析师,[海淀区],15k-20k,15k-20k 经验1-3年 / 本科,果粒科技,"移动互联网,金融 / A轮 / 50-150人",数据分析,“公司氛围好，不打卡，带薪年假，免费零食”
182,数据分析师,[北京大学],13k-25k,13k-25k 经验1-3年 / 本科,爱奇艺,文娱丨内容 / 上市公司 / 2000人以上,数据分析,“待遇好，成长空间大”
183,数据分析师（海外贷后方向）,[海淀区],8k-15k,8k-15k 经验1-3年 / 本科,掌众集团,"移动互联网,金融 / C轮 / 500-2000人",互联网金融 借贷 数据分析 数据运营,“班车，五险一金，发展平台，福利待遇优厚”
184,数据分析师-业务分析方向,[海淀区],20k-40k,20k-40k 经验3-5年 / 本科,贝壳,房产家居 / D轮及以上 / 2000人以上,电商 商业 BI,“年底四薪，三餐免费，内部机会多，年假多”
185,数据分析师-增长方向,[望京],15k-30k,15k-30k 经验3-5年 / 本科,美柚,移动互联网 / D轮及以上 / 500-2000人,数据分析 SQL,“发展空间大”
186,数据分析师,[朝阳区],15k-30k,15k-30k 经验3-5年 / 本科,美团点评,消费生活 / 上市公司 / 2000人以上,数据分析,“发展空间大”
187,数据分析师,[中关村],15k-20k,15k-20k 经验1-3年 / 本科,比邻东方——新东方青少年外教直播,教育 / 不需要融资 / 150-500人,教育 数据分析 SQL,“带薪年假 员工旅游 团队nice”
188,数据分析师-北京,[海淀区],15k-25k,15k-25k 经验3-5年 / 本科,神策数据,数据服务 / C轮 / 150-500人,大数据 商业 BI 可视化 数据分析,"“五险一金,餐补,补充医疗,14薪”"
189,数据分析师,[朝阳区],10k-20k,10k-20k 经验1-3年 / 本科,天创信用,"移动互联网,金融 / B轮 / 150-500人",大数据 金融 SQL 数据分析,“弹性工作，不打卡，领导nice，补充医疗”
190,数据分析师,[西北旺],10k-20k,10k-20k 经验1-3年 / 本科,微聚未来,"移动互联网,金融 / 不需要融资 / 500-2000人",大数据,“七险一金、15-20薪、牛人团队”
191,数据分析师,[大望路],8k-10k,8k-10k 经验不限 / 本科,人民在线,"数据服务,移动互联网 / 不需要融资 / 150-500人",数据分析,"“五险一金,补充医疗,带薪年假,大牛团队”"
192,数据分析专家,[望京],20k-40k,20k-40k 经验5-10年 / 本科,玖富数科集团,金融 / D轮及以上 / 2000人以上,可视化 BI 商业 数据分析,“成长空间大，五险一金”
193,数据分析师（互金行业背景）,[朝阳区],15k-30k,15k-30k 经验3-5年 / 大专,生日管家,"移动互联网,电商 / B轮 / 150-500人",互联网金融 借贷 数据分析 数据运营,“钱途机会，免费晚餐，试用期全薪，花样福利”
194,数据分析,[望京],8k-12k,8k-12k 经验1-3年 / 本科,洛客科技,移动互联网 / 不需要融资 / 150-500人,数据运营 增长黑客,"“氛围MAX,领导是大牛,免费零食,后花园”"
195,数据分析师,[海淀区],20k-40k,20k-40k 经验3-5年 / 本科,字节跳动,文娱丨内容 / C轮 / 2000人以上,数据分析,“弹性工作，免费三餐，租房补贴，休闲下午茶，扁平管理，职业大牛，晋升空间，五险一金”
196,数据分析师,[朝阳区],15k-25k,15k-25k 经验1-3年 / 本科,玖富数科集团,金融 / D轮及以上 / 2000人以上,Hive MySQL Oracle,“五险一金、带薪年假、弹性工作、节日福利”
197,数据分析师,[上地],25k-49k,25k-49k 经验不限 / 不限,小米,硬件 / D轮及以上 / 2000人以上,电商,“上市公司、七险一金、稳定高薪、餐补”
198,【外卖】产品运营-数据分析方向,[朝阳区],15k-30k,15k-30k 经验3-5年 / 本科,美团点评,消费生活 / 上市公司 / 2000人以上,数据,“发展空间大”
199,数据分析师,[小关],10k-20k,10k-20k 经验3-5年 / 本科,北京华悦数金,"移动互联网,金融 / 不需要融资 / 2000人以上",大数据 数据运营,“五险一金，加班打车，餐饮补贴，环境高大上”
200,数据分析,[来广营],15k-30k,15k-30k 经验1-3年 / 本科,每日优鲜,"移动互联网,电商 / D轮及以上 / 2000人以上",电商 SQL,“六险一金，16薪，扁平化管理”
201,数据分析师,[北京大学],10k-18k,10k-18k 经验3-5年 / 本科,随行付金科,"移动互联网,金融 / 未融资 / 150-500人",互联网金融 Oracle 数据分析 Hive,“六险一金 快速发展 团队旅行”
202,数据分析师,[大屯],10k-15k,10k-15k 经验不限 / 本科,完美世界,"移动互联网,游戏 / 上市公司 / 2000人以上",游戏 数据分析 数据运营,“优秀项目 优秀团队”
203,数据分析师,[大望路],8k-15k,8k-15k 经验1-3年 / 本科,人民在线,"数据服务,移动互联网 / 不需要融资 / 150-500人",大数据 数据分析,"“五险一金,补充医疗,大平台,技术大咖多”"
204,高级数据分析师,[西北旺],20k-40k,20k-40k 经验3-5年 / 本科,微聚未来,"移动互联网,金融 / 不需要融资 / 500-2000人",互联网金融 借贷 数据分析 MySQL Spark,“七险一金、15-20薪、牛人团队”
205,数据分析师/数据产品,[海淀区],10k-20k,10k-20k 经验1-3年 / 本科,易点租,电商 / D轮及以上 / 500-2000人,电商 SQL 数据分析 数据运营 数据库,"“D轮融资,14-16薪,餐补,弹性时间”"
206,数据分析与模型开发工程师,[中关村],8k-10k,8k-10k 经验不限 / 本科,微创软件,"企业服务,移动互联网 / 不需要融资 / 2000人以上",后端 音频处理 软件开发,“大平台 人工智能”
207,数据分析-BI(J190128002),[海淀区],15k-30k,15k-30k 经验5-10年 / 本科,滴滴,汽车丨出行 / 不需要融资 / 2000人以上,滴滴,“广阔的发展空间、前景行业、靠谱的团队”
208,数据分析师-BI,[朝阳区],10k-20k,10k-20k 经验3-5年 / 本科,e代驾,"移动互联网,消费生活 / D轮及以上 / 500-2000人",本地生活 移动互联网 BI 数据分析 数据运营,“五险一金、补充医疗、高额餐补、高额奖金”
209,数据分析工程师,[望京],20k-40k,20k-40k 经验1-3年 / 本科,数美,"企业服务,数据服务 / B轮 / 150-500人",大数据 金融 数据挖掘 数据分析,"“大牛如云,技术氛围,大佬领投,待遇给力”"
210,数据分析师-增长方向,[海淀区],10k-20k,10k-20k 经验1-3年 / 本科,字节跳动,文娱丨内容 / C轮 / 2000人以上,数据分析,“六险一金，弹性工作，免费三餐，租房补贴”
211,数据分析师（业务支持）,[朝阳区],10k-15k,10k-15k 经验1-3年 / 本科,美团点评,消费生活 / 上市公司 / 2000人以上,数据分析,“大平台 成长快”
212,数据分析专员,[望京],5k-10k,5k-10k 经验1年以下 / 本科,玖富数科集团,金融 / D轮及以上 / 2000人以上,数据分析 SQL,“成长空间大，五险一金”
213,数据分析师,[朝阳区],15k-25k,15k-25k 经验1-3年 / 本科,宜信,金融 / 上市公司 / 2000人以上,互联网金融 理财 BI 数据分析 数据库,“平台大、六险一金、老板好”
214,高级数据分析师,[安贞],30k-50k,30k-50k 经验5-10年 / 本科,百信银行,金融 / 不需要融资 / 150-500人,大数据 金融 BI 数据分析,"“金融互联网,发展空间,合作团队,大牛多”"
215,数据分析师,[望京],18k-35k,18k-35k 经验3-5年 / 本科,每日优鲜,"移动互联网,电商 / D轮及以上 / 2000人以上",电商 数据分析 BI SQL 数据库,“扁平化管理 福利待遇高”
216,资深数据分析师,[海淀区],15k-25k,15k-25k 经验3-5年 / 本科,小鹏汽车,汽车丨出行 / B轮 / 2000人以上,BI 数据分析,“发展空间大，年底双薪，午餐补贴”
217,数据分析经理（用户）,[朝阳区],15k-30k,15k-30k 经验5-10年 / 本科,VIPKID,教育 / D轮及以上 / 2000人以上,数据分析,"“平台大,氛围轻松,弹性工作”"
218,数据分析师(J10177),[小关],10k-20k,10k-20k 经验1-3年 / 本科,包银消费金融,金融 / 不需要融资 / 150-500人,风控 分析师,“六险一金；节日福利；年终奖”
219,数据分析师,[望京],20k-40k,20k-40k 经验5-10年 / 本科,欧拉网络,移动互联网 / C轮 / 50-150人,数据分析 SQL,"“发展空间,绩效奖金,福利完善,简单开放”"
220,数据分析师,[衙门口],20k-40k,20k-40k 经验5-10年 / 本科,易盟天地,移动互联网 / D轮及以上 / 500-2000人,数据分析,“待遇好，福利好”
221,产品运营-数据分析方向,[海淀区],8k-15k,8k-15k 经验1-3年 / 本科,北京智胜新格科技有限...,"移动互联网,游戏 / 不需要融资 / 150-500人",数据分析,"“六险一金,绩效奖金,节日福利,按摩椅”"
222,数据分析师,[东四],15k-25k,15k-25k 经验1-3年 / 本科,百观Lab,"数据服务,金融 / A轮 / 15-50人",大数据 数据分析 SQL,"“超棒团队,福利待遇好,高成长空间”"
223,数据分析师,[月坛],9k-12k,9k-12k 经验不限 / 大专,彩讯股份,"移动互联网,消费生活 / 上市公司 / 500-2000人",移动互联网 企业服务 数据分析 数据运营 SQL 数据库,“领导nice 上市公司”
224,数据分析工程师,[团结湖],15k-30k,15k-30k 经验1-3年 / 本科,洋钱罐,"移动互联网,金融 / 不需要融资 / 150-500人",数据分析,“扁平化管理、晋升渠道透明。”
225,数据分析师-企业SaaS应用,[海淀区],25k-50k,25k-50k 经验3-5年 / 本科,字节跳动,文娱丨内容 / C轮 / 2000人以上,hadoop,“六险一金，免费三餐，租房补贴，休闲下午茶”
226,数据分析师（智能出行方向）,[朝阳区],15k-25k,15k-25k 经验1-3年 / 本科,嘀嗒出行,汽车丨出行 / D轮及以上 / 150-500人,大数据 数据挖掘 数据分析,"“数据监测,数据分析”"
227,数据分析师DA,[东四],15k-25k,15k-25k 经验1-3年 / 本科,任买科技,"消费生活,金融 / 不需要融资 / 2000人以上",数据分析,“详见公司福利”
228,数据分析师,[团结湖],15k-25k,15k-25k 经验1-3年 / 本科,洋钱罐,"移动互联网,金融 / 不需要融资 / 150-500人",金融 数据分析 数据运营,“福利好 氛围好 领导好”
229,数据分析师,[朝阳区],15k-25k,15k-25k 经验3-5年 / 本科,唯医网,医疗健康 / B轮 / 150-500人,医疗健康 大数据 数据分析 BI,“互联网医疗；发展前景好；医疗大数据；”
230,数据分析师,[海淀区],20k-40k,20k-40k 经验5-10年 / 本科,贝壳,房产家居 / D轮及以上 / 2000人以上,移动互联网 数据分析 SQL,“福利待遇好、带薪年假、弹性工作”
231,高级数据产品经理/数据分析,[中关村],18k-35k,18k-35k 经验5-10年 / 本科,好未来,教育 / 上市公司 / 2000人以上,大数据 数据分析,"“上市公司,年终奖金,七险一金”"
232,数据分析师-火车票事业部(J13782),[西三旗],20k-40k,20k-40k 经验3-5年 / 本科,去哪儿网,旅游 / 不需要融资 / 2000人以上,数据分析,“地铁旁、年度旅游、年终奖、绩效奖金”
233,数据分析师SXG10,[海淀区],8k-10k,8k-10k 经验1-3年 / 本科,中国信通院,通讯电子 / 不需要融资 / 2000人以上,移动互联网,"“发展空间大,工作氛围好,各种团建”"
234,资深数据分析师,[望京],20k-40k,20k-40k 经验3-5年 / 本科,区块节点,移动互联网 / 不需要融资 / 50-150人,数据分析 Hive 数据处理 数据挖掘,“绩效奖金 年底多薪 弹性工时”
235,数据分析员,[海淀区],5k-7k,5k-7k 经验1年以下 / 本科,久爱致和,电商 / 上市公司 / 150-500人,电商 数据分析,"“上市公司,六险一金,年度旅游,年度体检”"
236,数据分析师 (MJ000043),[望京],15k-25k,15k-25k 经验1-3年 / 本科,小帮规划,"移动互联网,金融 / B轮 / 150-500人",数据分析 数据处理,“牛人多，氛围好，福利好”
237,数据分析师,[海淀区],20k-35k,20k-35k 经验3-5年 / 本科,爱奇艺,文娱丨内容 / 上市公司 / 2000人以上,移动互联网 数据分析 数据运营,“机会多 空间大 ，六险一金 ，12天年假”
238,数据分析师,[中关村],14k-20k,14k-20k 经验3-5年 / 本科,有利网,金融 / 不需要融资 / 2000人以上,数据挖掘 数据分析 Spark,“五险一金、带薪年假、周末双休、弹性坐班”
239,高级数据分析师,[朝阳区],25k-35k,25k-35k 经验5-10年 / 本科,达令家,电商 / D轮及以上 / 150-500人,电商 数据分析 SPSS BI SQL,“六险一金、优厚薪资、年度体检、内购会”
240,商业产品实习生-数据分析,[海淀区],4k-5k,4k-5k 经验不限 / 本科,字节跳动,文娱丨内容 / C轮 / 2000人以上,产品经理,“弹性工作，免费三餐，餐补，租房补贴”
241,数据分析师（风控方向）,[朝阳区],15k-25k,15k-25k 经验1-3年 / 本科,嘀嗒出行,汽车丨出行 / D轮及以上 / 150-500人,大数据 数据挖掘 数据分析,"“风控业务,数据分析”"
242,数据分析师/高级数据分析师,[中关村],15k-25k,15k-25k 经验3-5年 / 本科,去哪儿网,旅游 / 不需要融资 / 2000人以上,金融 数据挖掘 数据分析,"“发展空间,核心业务,薪资福利佳,大牛多”"
243,数据分析,[和平里],15k-30k,15k-30k 经验3-5年 / 本科,猫眼电影,文娱丨内容 / 未融资 / 500-2000人,Hive,“大平台，扁平管理，每周免费电影观看”
244,流量数据分析,[中关村],12k-20k,12k-20k 经验3-5年 / 本科,汽车之家,汽车丨出行 / 上市公司 / 2000人以上,数据分析,“商业运营中心年终奖丰厚16薪起”
245,数据分析师,[海淀区],10k-20k,10k-20k 经验1-3年 / 本科,斗米,"移动互联网,消费生活 / B轮 / 500-2000人",数据分析 数据运营 数据库,“六险一金+团建+互联网创业环境+晋升机制”
246,数据分析Leader,[十里堡],35k-45k,35k-45k 经验5-10年 / 本科,VIPKID,教育 / D轮及以上 / 2000人以上,BI 数据分析 SQL 数据库,"“公司平台好,大牛领导,餐补房补”"
247,数据分析师-用户方向,[望京],10k-20k,10k-20k 经验3-5年 / 本科,同程艺龙,旅游 / 上市公司 / 2000人以上,数据分析,"“六险一金,扁平化管理,朝阳行业”"
248,数据分析总监,[望京],40k-70k,40k-70k 经验10年以上 / 本科,薛家庄旅游开发,"旅游,文娱丨内容 / 不需要融资 / 50-150人",大数据 旅游 数据挖掘 数据分析 数据处理 算法,“公司发展好 实力强”
249,数据分析专家,[西二旗],25k-45k,25k-45k 经验3-5年 / 本科,快手,文娱丨内容 / D轮及以上 / 2000人以上,SQL 增长黑客 数据分析,“快速发展”
250,数据分析师（数据产品方向）,[三元桥],8k-15k,8k-15k 经验1-3年 / 本科,网信,"金融,移动互联网 / 不需要融资 / 500-2000人",大数据 数据分析,"“带薪年假,餐补,采暖补贴,补充医疗保”"
251,数据分析师-业务运营方向,[海淀区],18k-35k,18k-35k 经验5-10年 / 本科,贝壳,房产家居 / D轮及以上 / 2000人以上,数据分析 数据运营 SQL 数据库,“福利待遇好、带薪年假、弹性工作”
252,数据分析专员,[四惠],8k-12k,8k-12k 经验1-3年 / 大专,52TOYS,"游戏,广告营销 / A轮 / 50-150人",电商 数据分析,“工作环境好，业务增长迅速，人际关系简单”
253,高级数据分析师(财务),[朝阳区],20k-30k,20k-30k 经验5-10年 / 本科,永洪科技,企业服务 / C轮 / 150-500人,数据分析,“技术大牛，工作氛围好，行业领先”
254,数据分析实习生,[中关村],200k-300k,200k-300k 经验不限 / 本科,好未来,教育 / 上市公司 / 2000人以上,教育,“上市公司 包晚餐 零食水果”
255,数据分析师-营收活动方向,[海淀区],15k-30k,15k-30k 经验1-3年 / 本科,字节跳动,文娱丨内容 / C轮 / 2000人以上,产品,“六险一金，弹性工作，免费三餐，租房补贴”
256,数据分析师,[中关村],15k-25k,15k-25k 经验3-5年 / 本科,汽车之家,汽车丨出行 / 上市公司 / 2000人以上,SQL SPSS,“大平台，工作氛围好”
257,数据分析师,[和平里],10k-18k,10k-18k 经验1-3年 / 本科,猫眼电影,文娱丨内容 / 未融资 / 500-2000人,SQL SPSS 数据运营 数据分析,“电影项目分析调研”
258,高级数据分析师,[上地],20k-40k,20k-40k 经验5-10年 / 本科,贝壳,房产家居 / D轮及以上 / 2000人以上,大数据 房产服务 数据分析 MySQL,"“六险二金,免费三餐,带薪年假,十六薪”"
259,数据分析工程师,[酒仙桥],15k-25k,15k-25k 经验3-5年 / 本科,人人公司,"社交,金融 / 上市公司 / 2000人以上",数据分析,“大牛云集、季度奖金、弹性上班、班车”
260,数据分析专员,[大屯],8k-10k,8k-10k 经验1-3年 / 本科,百乘金科集团,金融 / 上市公司 / 2000人以上,数据分析,"“地铁周边,节日福利,年终奖金,晋升空间”"
261,数据分析主管,[西苑],15k-25k,15k-25k 经验3-5年 / 本科,花生米富,"移动互联网,金融 / B轮 / 150-500人",互联网金融 数据分析,"“快速发展,年底多薪,九险一金”"
262,数据分析工程师,[海淀区],18k-35k,18k-35k 经验3-5年 / 本科,小米,硬件 / D轮及以上 / 2000人以上,数据分析 数据挖掘,“明星团队，大牛云集”
263,服务体验部-资深数据分析师,[望京],15k-24k,15k-24k 经验3-5年 / 本科,美团点评,消费生活 / 上市公司 / 2000人以上,SQL 商业,“稳定平台大发展”
264,数据分析工程师,[酒仙桥],20k-40k,20k-40k 经验3-5年 / 不限,奇虎360金融,金融 / 上市公司 / 500-2000人,借贷 数据分析 数据处理,"“优秀团队,大量级项目”"
265,数据分析经理,[西二旗],25k-35k,25k-35k 经验5-10年 / 本科,联想集团,"移动互联网,数据服务 / 上市公司 / 2000人以上",数据分析 MySQL SQLServer,“发展空间大”
266,资深数据分析师(J190524007),[海淀区],30k-40k,30k-40k 经验5-10年 / 不限,滴滴,汽车丨出行 / 不需要融资 / 2000人以上,滴滴,“成长空间 友爱团队”
267,初级数据分析师,[朝阳区],7k-13k,7k-13k 经验1-3年 / 本科,洋葱数学,教育 / D轮及以上 / 500-2000人,教育 BI SQL,“带薪病假 不打卡 提供三餐”
268,资深数据分析师,[安定门],25k-50k,25k-50k 经验5-10年 / 本科,蘑菇智行,"移动互联网,电商 / A轮 / 150-500人",商业 数据运营 数据分析,“弹性工作”
269,数据分析专员,[东坝],9k-11k,9k-11k 经验不限 / 本科,papitube,"文娱丨内容,移动互联网 / A轮 / 50-150人",移动互联网 视频 数据分析,“福利待遇佳，发展前景好”
270,数据分析师-英语教育产品,[海淀区],15k-30k,15k-30k 经验1-3年 / 本科,字节跳动,文娱丨内容 / C轮 / 2000人以上,数据分析,“六险一金，弹性工作，免费三餐，租房补贴”
271,数据分析师-业务分析方向,[上地],25k-35k,25k-35k 经验5-10年 / 本科,贝壳,房产家居 / D轮及以上 / 2000人以上,数据架构 数据挖掘 数据分析,"“内部晋升,六险一金,免费班车”"
272,高级数据分析师,[朝外],20k-40k,20k-40k 经验3-5年 / 本科,探探,"移动互联网,社交 / D轮及以上 / 150-500人",SQL,“成长空间大，三餐免费，七险一金”
273,数据分析师/商业分析师,[大山子],18k-28k,18k-28k 经验不限 / 本科,车好多集团,消费生活 / D轮及以上 / 2000人以上,电商 新零售 SQL 数据分析 数据运营,“平台大， 大牛多，良好的团队氛围”
274,数据分析总监(北京),[望京],45k-60k,45k-60k 经验10年以上 / 本科,薛家庄旅游开发,"旅游,文娱丨内容 / 不需要融资 / 50-150人",大数据 旅游 数据仓库 数据分析 数据处理 Hive,“大数据方向”
275,数据分析实习生,[西北旺],6k-8k,6k-8k 经验不限 / 本科,微聚未来,"移动互联网,金融 / 不需要融资 / 500-2000人",互联网金融,"“牛人团队,带薪年假,16薪考核,快速成长”"
276,数据分析师,[大兴区],18k-30k,18k-30k 经验3-5年 / 本科,京东集团,电商 / 上市公司 / 2000人以上,电商 Hive Hadoop 数据分析,“绩效奖金，五险一金，免费班车，午餐补助”
277,资深数据分析师 (MJ000237),[和平里],15k-25k,15k-25k 经验3-5年 / 本科,轻松筹,"移动互联网,金融 / C轮 / 500-2000人",医疗健康 移动互联网 数据分析 SQLServer,"“五险一金,补充医疗保险,绩效奖金”"
278,数据分析经理,[西三旗],15k-30k,15k-30k 经验3-5年 / 本科,金山办公软件,移动互联网 / 上市公司 / 2000人以上,借贷 数据分析 SQL 数据库,“六险一金；节假日福利；旅游基金；各种团建”
279,数据分析专家 (MJ000117),[中关村],15k-30k,15k-30k 经验不限 / 不限,新东方在线,"移动互联网,教育 / 不需要融资 / 500-2000人",运营 APP推广,“7险一金 上市公司”
280,数据分析经理,[建国门],15k-20k,15k-20k 经验3-5年 / 本科,DataStory,数据服务 / B轮 / 150-500人,大数据 数据分析,"“周末双休,五险一金,下午茶,活动多”"
281,数据分析-机票事业部(J13017),[西三旗],10k-20k,10k-20k 经验1-3年 / 本科,去哪儿网,旅游 / 不需要融资 / 2000人以上,数据分析 MySQL Hive,"“六险一金,16薪,旅游基金,带薪年假病”"
282,高级数据分析师,[朝阳区],25k-40k,25k-40k 经验3-5年 / 硕士,ZRobot,"数据服务,企业服务 / 未融资 / 50-150人",数据分析 SQL,"“五险一金,补充医疗,节日福利,带薪年假”"
283,高级数据分析师,[朝外],18k-35k,18k-35k 经验5-10年 / 本科,考虫网,教育 / D轮及以上 / 150-500人,教育 移动互联网 数据分析 商业 BI 数据运营,“扁平化管理，氛围轻松”
284,高级数据分析师,[朝阳区],20k-35k,20k-35k 经验5-10年 / 本科,瑞银信,"移动互联网,金融 / 不需要融资 / 2000人以上",大数据 金融 数据分析 数据运营 SQL,“五险一金，餐补，交通便利，环境高大上”
285,数据分析师-KOL方向,[海淀区],10k-20k,10k-20k 经验3-5年 / 本科,字节跳动,文娱丨内容 / C轮 / 2000人以上,数据分析,“六险一金，弹性工作，免费三餐，租房补贴”
286,BI数据分析师/数据分析专家/数据分析高级专家,[朝阳区],25k-50k,25k-50k 经验3-5年 / 本科,车好多集团,消费生活 / D轮及以上 / 2000人以上,新零售 汽车 BI 可视化 数据分析 SQL,"“奖金多,股票期权,团队好,领导好”"
287,数据分析,[朝外],7k-14k,7k-14k 经验1年以下 / 大专,北京盛业恒泰投资有限公司,"移动互联网,金融 / 不需要融资 / 150-500人",行业研究 分析师,“福利好 待遇高 五险一金”
288,数据分析（游戏项目）,[朝阳门],15k-25k,15k-25k 经验3-5年 / 本科,Zenjoy,"移动互联网,游戏 / 不需要融资 / 150-500人",游戏 大数据 数据分析,"“年底多薪,弹性办公,精英团队,年度境外游”"
289,数据分析专员,[朝阳区],7k-10k,7k-10k 经验1年以下 / 本科,笔记侠,移动互联网 / A轮 / 15-50人,数据分析 效果跟踪 新媒体运营,“公司资源，发展前景，加班少”
290,高级数据分析师,[安定门],15k-30k,15k-30k 经验3-5年 / 本科,蘑菇智行,"移动互联网,电商 / A轮 / 150-500人",数据分析,“六险一金，双休，有前景～”
291,高级数据分析师,[望京],18k-30k,18k-30k 经验3-5年 / 本科,震坤行,电商 / D轮及以上 / 500-2000人,电商 数据分析,“平台发展前景好”
292,【外卖配送】数据分析专家,[朝阳区],15k-25k,15k-25k 经验5-10年 / 本科,美团点评,消费生活 / 上市公司 / 2000人以上,数据分析,“大平台，团队氛围好”
293,数据分析主管,[昌平区],15k-20k,15k-20k 经验3-5年 / 本科,泰康在线,"移动互联网,金融 / 不需要融资 / 500-2000人",保险,“五险一金，年终奖，免费体检，免费班车”
294,资深数据分析师,[上地],35k-55k,35k-55k 经验5-10年 / 本科,贝壳,房产家居 / D轮及以上 / 2000人以上,Hadoop ETL Hive 数据分析,“优质平台”
295,资深数据分析师,[中关村],20k-40k,20k-40k 经验3-5年 / 本科,爱奇艺,文娱丨内容 / 上市公司 / 2000人以上,数据分析,“六险一金 年终奖”
296,数据分析决策岗（风险管理部）,[朝外],15k-25k,15k-25k 经验3-5年 / 本科,阳光产险信保事业部,金融 / 不需要融资 / 2000人以上,金融 数据分析 数据处理,"“上升空间大,同事牛人多,薪酬福利好”"
297,数据分析师-北京,[国贸],9k-18k,9k-18k 经验不限 / 不限,久谦咨询,"企业服务,数据服务 / 未融资 / 50-150人",数据分析 算法,“发展平台好，环境好”
298,数据分析专员,[朝阳区],8k-15k,8k-15k 经验1-3年 / 本科,小牛互联,移动互联网 / 不需要融资 / 15-50人,电商 数据分析 SPSS,"“扁平管理,年度旅游,地铁周边,公司氛围好”"
299,数据分析师,[大兴区],20k-35k,20k-35k 经验5-10年 / 本科,京东集团,电商 / 上市公司 / 2000人以上,电商 可视化 商业 数据分析 BI,“绩效奖金，五险一金，免费班车，午餐补助”
300,数据分析师-直播产品方向,[海淀区],15k-30k,15k-30k 经验3-5年 / 本科,字节跳动,文娱丨内容 / C轮 / 2000人以上,产品,“六险一金，弹性工作，免费三餐，租房补贴”
301,高级/资深数据分析师,[望京],15k-30k,15k-30k 经验3-5年 / 本科,同程艺龙,旅游 / 上市公司 / 2000人以上,数据分析,"“六险一金,扁平化管理,朝阳行业”"
302,数据分析专家(J190415021),[海淀区],15k-30k,15k-30k 经验5-10年 / 本科,滴滴,汽车丨出行 / 不需要融资 / 2000人以上,滴滴,“弹性工时，免费通勤班车，福利晚餐”
303,数据分析专家,[朝阳区],25k-35k,25k-35k 经验5-10年 / 本科,墨迹天气,工具 / 不需要融资 / 150-500人,数据分析,"“5亿用户,六险一金”"
304,高级数据分析师,[朝阳区],15k-30k,15k-30k 经验3-5年 / 本科,洋葱数学,教育 / D轮及以上 / 500-2000人,教育,“不打卡 提供三餐 15天年假”
305,数据分析主管,[朝阳区],15k-30k,15k-30k 经验3-5年 / 本科,美团点评,消费生活 / 上市公司 / 2000人以上,数据分析 SPSS SQL,“大平台 成长空间大”
306,数据分析师-社会化媒体-北京,[四惠],6k-8k,6k-8k 经验不限 / 本科,AdMaster,数据服务 / 不需要融资 / 500-2000人,大数据 移动互联网 市场分析 数据分析 行业分析 市场,“发展空间大、福利待遇各项补贴、专业性高”
307,高级数据分析师（风控建模方向）,[东四],20k-35k,20k-35k 经验1-3年 / 硕士,中诚信征信,"数据服务,人工智能 / 不需要融资 / 150-500人",数据分析,"“独立四合院,免费午餐,周五7小时”"
308,高级数据分析师,[上地],20k-35k,20k-35k 经验5-10年 / 本科,果粒科技,"移动互联网,金融 / A轮 / 50-150人",电商 移动互联网 可视化 数据分析 数据运营 增长黑客,"“项目奖金，五险一金,期权,多样福利”"
309,高级数据分析师,[安定门],20k-40k,20k-40k 经验3-5年 / 本科,轻松筹,"移动互联网,金融 / C轮 / 500-2000人",数据分析 数据运营 SQL 数据库,"“六险一金,丰富团建,绩效奖金,氛围好”"
310,高级数据分析师,[朝阳区],15k-30k,15k-30k 经验3-5年 / 本科,雪球,金融 / D轮及以上 / 150-500人,数据分析,"“六险一金,午餐免费,扁平管理,成长空间大”"
311,数据分析师（社区内容）,[海淀区],20k-40k,20k-40k 经验不限 / 本科,知乎,社交 / D轮及以上 / 500-2000人,BI 数据分析,“上升空间大”
312,数据分析实习生,[望京],2k-4k,2k-4k 经验应届毕业生 / 本科,小红书,消费生活 / D轮及以上 / 500-2000人,大数据 数据分析,“数据分析”
313,高级数据分析师,[望京],25k-30k,25k-30k 经验5-10年 / 本科,Plum,"电商,消费生活 / B轮 / 150-500人",电商 ETL 数据分析,“技术大牛多 职位空间大 成长快”
314,高级数据分析师,[朝阳区],20k-30k,20k-30k 经验3-5年 / 本科,Esri 中国,"企业服务,数据服务 / 未融资 / 150-500人",地图 大数据,“专业培训 前沿技术”
315,数据分析师-风险评估方向,[海淀区],10k-20k,10k-20k 经验1-3年 / 本科,字节跳动,文娱丨内容 / C轮 / 2000人以上,审核,“六险一金，弹性工作，免费三餐，租房补贴”
316,高级数据分析师(J10149),[清河],8k-14k,8k-14k 经验1-3年 / 本科,AdMaster,数据服务 / 不需要融资 / 500-2000人,大数据,“空间大 平台好 福利多”
317,高级数据分析师,[朝阳区],18k-25k,18k-25k 经验3-5年 / 本科,洋葱数学,教育 / D轮及以上 / 500-2000人,教育,“免费三餐 15天年假 六险一金 不打卡”
318,资深数据分析师(J181121016),[海淀区],25k-40k,25k-40k 经验3-5年 / 本科,滴滴,汽车丨出行 / 不需要融资 / 2000人以上,滴滴,“高速成长，核心业务”
319,高级数据分析工程师(J12372),[海淀区],28k-55k,28k-55k 经验不限 / 本科,作业帮,工具 / D轮及以上 / 2000人以上,数据挖掘 数据仓库 数据分析 Hadoop,“七险一金，三餐免费，交通补助，节假福利”
320,数据分析专家,[大山子],20k-35k,20k-35k 经验5-10年 / 本科,Paytm,"电商,移动互联网 / 不需要融资 / 2000人以上",BI 可视化 数据分析 数据运营,“技术硬，环境佳，近地铁，独角兽背景”
321,数据分析师（偏数据应用产品）,[大兴区],20k-35k,20k-35k 经验3-5年 / 本科,京东数字科技,金融 / 上市公司 / 2000人以上,数据分析,“超级广阔的发展前景、超级棒的福利”
322,高级数据分析师,[海淀区],20k-35k,20k-35k 经验3-5年 / 不限,绿湾科技,"企业服务,数据服务 / B轮 / 150-500人",大数据,“全额社保；商业保险；各种补贴；下午茶等”
323,资深数据分析师,[望京],20k-40k,20k-40k 经验3-5年 / 本科,V8实拍,移动互联网 / B轮 / 150-500人,数据分析 数据库 增长黑客 商业,“五险一金、风口赛道、无天花板、与大咖共事”
324,数据分析专员,[朝阳门],6k-10k,6k-10k 经验1-3年 / 大专,叮咚钱包,金融 / 不需要融资 / 50-150人,数据运营 数据分析,“五险一金 扁平化管理”
325,高级数据分析师,[北京大学],25k-50k,25k-50k 经验5-10年 / 本科,爱奇艺,文娱丨内容 / 上市公司 / 2000人以上,商业 BI 数据分析 SQL,“核心团队、精英文化、优秀的团队氛围”
326,高级数据分析师,[西三旗],20k-35k,20k-35k 经验3-5年 / 本科,金山办公软件,移动互联网 / 上市公司 / 2000人以上,大数据 数据挖掘 数据分析,"“技术提升,14薪以上,提供三餐,年度旅行”"
327,高级数据分析师,[朝阳门],20k-35k,20k-35k 经验3-5年 / 本科,蛋壳公寓,消费生活 / C轮 / 2000人以上,可视化 数据分析 SPSS 数据库,“发展空间大，早十晚七不打卡”
328,数据分析,[朝外],6k-12k,6k-12k 经验不限 / 大专,北京盛业恒泰投资有限公司,"移动互联网,金融 / 不需要融资 / 150-500人",,“双休 五险一金 朝九晚五”
329,高级数据分析师,[海淀区],15k-25k,15k-25k 经验3-5年 / 硕士,K2DATA,数据服务 / B轮 / 150-500人,大数据 汽车 Java 数据挖掘 数据处理 算法,"“行业风口,大牛带路,扁平化,环境好”"
330,数据分析师-直播方向,[海淀区],15k-30k,15k-30k 经验3-5年 / 本科,字节跳动,文娱丨内容 / C轮 / 2000人以上,产品,“六险一金，弹性工作，免费三餐，租房补贴”
331,资深数据分析师(J190405002),[海淀区],20k-40k,20k-40k 经验3-5年 / 本科,滴滴,汽车丨出行 / 不需要融资 / 2000人以上,滴滴,“高速成长，核心业务”
332,数据分析岗,[大兴区],20k-30k,20k-30k 经验3-5年 / 本科,京东数字科技,金融 / 上市公司 / 2000人以上,电商 SQL,“大平台、快速成长通道、福利好”
333,高级数据分析师(J10205),[西二旗],15k-30k,15k-30k 经验3-5年 / 本科,会分期,"移动互联网,金融 / D轮及以上 / 150-500人",数据分析,“五险一金+14薪+弹性工作”
334,市场数据分析师,[朝阳区],10k-20k,10k-20k 经验1-3年 / 本科,自如网,房产家居 / A轮 / 2000人以上,本地生活 房产服务 数据库 SQL 数据分析,“租房优惠 六险一金 绩效奖金 免费体检”
335,高级数据分析师,[上地],15k-25k,15k-25k 经验3-5年 / 本科,金山办公软件,移动互联网 / 上市公司 / 2000人以上,大数据 商业 数据分析,"“六险一金,三餐免费,免费下午茶,各种团建”"
336,数据分析总监-北京-04771,[北苑],20k-26k,20k-26k 经验5-10年 / 本科,龙图游戏,游戏 / 不需要融资 / 500-2000人,游戏 数据分析 数据运营,“MMO项目；游戏数据分析”
337,高级数据分析师,[大山子],20k-40k,20k-40k 经验5-10年 / 硕士,亿咖通科技,"移动互联网,硬件 / 不需要融资 / 500-2000人",汽车 地图,“自动驾驶 高精地图”
338,资深数据分析师,[奥运村],30k-45k,30k-45k 经验5-10年 / 本科,58到家,消费生活 / D轮及以上 / 2000人以上,电商 商业,"“近地铁,扁平化,前景好,弹性时间”"
339,数据分析专员 (MJ001731),[望京],15k-22k,15k-22k 经验1-3年 / 本科,作业盒子,教育 / C轮 / 500-2000人,教育 MySQL 数据分析,“六险一金，热点行业，住房补贴”
340,高级数据分析师,[西城区],20k-30k,20k-30k 经验3-5年 / 本科,CTR,广告营销 / D轮及以上 / 500-2000人,数据分析,“福利待遇优 发展空间大”
341,数据分析岗,[亚运村],20k-40k,20k-40k 经验3-5年 / 本科,京东集团,电商 / 上市公司 / 2000人以上,电商 SQLServer,“发展前景”
342,数据分析师,[朝阳区],10k-20k,10k-20k 经验应届毕业生 / 本科,数美,"企业服务,数据服务 / B轮 / 150-500人",数据分析,“飞速发展、海量数据、股票期权、待遇给力”
343,数据分析经理,[大兴区],14k-24k,14k-24k 经验5-10年 / 本科,京东物流,物流丨运输 / 上市公司 / 2000人以上,数据分析,“大平台，班车、餐补”
344,数据分析师,[定福庄],13k-20k,13k-20k 经验1-3年 / 本科,智美新媒,"广告营销,移动互联网 / D轮及以上 / 50-150人",游戏 数据分析,“周一至周五加班倒休，周末加班日薪付加班费”
345,行业数据分析师,[海淀区],15k-30k,15k-30k 经验1-3年 / 本科,字节跳动,文娱丨内容 / C轮 / 2000人以上,数据分析,“六险一金，弹性工作，免费三餐，租房补贴”
346,数据分析实习,[西北旺],2k-4k,2k-4k 经验应届毕业生 / 本科,滴滴,汽车丨出行 / 不需要融资 / 2000人以上,汽车 Hive 数据分析,“报酬优厚、空间广阔、成长迅速、福利众多”
347,数据分析师,[大兴区],20k-40k,20k-40k 经验5-10年 / 本科,京东数字科技,金融 / 上市公司 / 2000人以上,数据分析,“班车；餐补”
348,高级数据分析师,[十里堡],20k-38k,20k-38k 经验5-10年 / 本科,VIPKID,教育 / D轮及以上 / 2000人以上,数据分析,"“公司平台好,大牛领导,餐补房补”"
349,高级数据分析,[朝阳区],10k-20k,10k-20k 经验3-5年 / 本科,美团点评,消费生活 / 上市公司 / 2000人以上,数据,“大平台，发展空间大”
350,09216M-数据分析师,[朝阳区],15k-20k,15k-20k 经验3-5年 / 本科,平安健康保险,金融 / 未融资 / 500-2000人,互联网金融 保险,"“五险一金,节日福利,定期体检,年底双薪”"
351,高级数据分析师／Leader,[朝阳区],25k-35k,25k-35k 经验5-10年 / 本科,映客,文娱丨内容 / 上市公司 / 500-2000人,数据分析,“快速发展 团队氛围好”
352,数据分析师,[亦庄],15k-30k,15k-30k 经验3-5年 / 本科,京东集团,电商 / 上市公司 / 2000人以上,BI SPSS SQL,“全国500强 晋升平台”
353,初级数据分析师,[左家庄],12k-18k,12k-18k 经验不限 / 本科,Magic Tavern,游戏 / 不需要融资 / 150-500人,游戏 BI 数据分析 商业 SQL,“游戏出海 行业前三 国际化团队”
354,数据分析师,[望京],24k-25k,24k-25k 经验3-5年 / 本科,魔力方科技,"企业服务,电商 / 不需要融资 / 50-150人",金融,“工作时间:早九晚六双休提成12%-20%”
355,高级数据分析师,[朝阳区],20k-35k,20k-35k 经验3-5年 / 本科,达令家,电商 / D轮及以上 / 150-500人,数据分析,“6险一金 带薪年假 优质环境 家文化”
356,平台数据分析师,[中关村],20k-35k,20k-35k 经验3-5年 / 本科,爱奇艺,文娱丨内容 / 上市公司 / 2000人以上,数据分析 数据运营,“6险一金 12天年假”
357,数据分析师,[朝阳区],20k-35k,20k-35k 经验5-10年 / 本科,泰康之家,"金融,医疗丨健康 / 不需要融资 / 2000人以上",大数据 医疗健康 数据分析 SQL,“六险两金 餐补交通补通讯补 防暑降温补”
358,战略合作部-数据分析师 (MJ002655),[海淀区],15k-30k,15k-30k 经验3-5年 / 本科,搜狗,工具 / 上市公司 / 2000人以上,广告营销 数据分析,"“有挑战业务,智能营销,团队融洽”"
359,高级数据分析师（保险）,[海淀区],25k-35k,25k-35k 经验5-10年 / 本科,同盾科技,"信息安全,数据服务 / C轮 / 500-2000人",数据挖掘 数据分析,"“五险一金,带薪年假,发展空间大,弹性工作”"
360,大数据分析师,[海淀区],25k-30k,25k-30k 经验不限 / 本科,字节跳动,文娱丨内容 / C轮 / 2000人以上,Spark Hadoop Hive,“三餐下午茶 房补 商业医疗”
361,数据分析专家,[西北旺],20k-30k,20k-30k 经验3-5年 / 本科,滴滴,汽车丨出行 / 不需要融资 / 2000人以上,数据分析 SQL,“平台大，福利好，团队棒”
362,数据分析师,[大兴区],20k-30k,20k-30k 经验5-10年 / 本科,京东数字科技,金融 / 上市公司 / 2000人以上,分析 财务,"“班车,餐补”"
363,高级数据分析师,[朝阳区],25k-30k,25k-30k 经验3-5年 / 本科,Magic Tavern,游戏 / 不需要融资 / 150-500人,游戏 移动互联网 BI SQL 数据分析 SPSS,“游戏出海 行业前三 国际化团队”
364,数据分析负责人（总监）,[朝阳区],45k-60k,45k-60k 经验5-10年 / 本科,映客,文娱丨内容 / 上市公司 / 500-2000人,数据分析,“快速发展 团队氛围好”
365,数据分析师,[大望路],15k-25k,15k-25k 经验3-5年 / 本科,淡蓝网Blued,"移动互联网,社交 / D轮及以上 / 150-500人",社交 移动互联网 SQL 商业 数据分析 增长黑客（GrowthHacking）,"“行业独角兽,弹性工时,免费午餐”"
366,商业化数据分析师,[大山子],20k-40k,20k-40k 经验不限 / 本科,车好多集团,消费生活 / D轮及以上 / 2000人以上,汽车 新零售 数据运营 SQL 数据分析 商业,“平台大，发展空间大”
367,数据分析师（数据产品方向）,[望京],20k-40k,20k-40k 经验3-5年 / 本科,陌陌,社交 / 上市公司 / 500-2000人,大数据 数据挖掘 数据分析,"“优秀的团队,核心部门,发展空间大”"
368,高级数据分析师,[西北旺],18k-36k,18k-36k 经验3-5年 / 硕士,度小满金融,金融 / A轮 / 500-2000人,数据分析,“福利待遇 发展空间”
369,资深/高级数据分析-B端策略分析方向,[海淀区],30k-40k,30k-40k 经验3-5年 / 本科,贝壳,房产家居 / D轮及以上 / 2000人以上,电商 本地生活 商业 BI 可视化,“年底四薪，三餐免费，班车，”
370,数据分析,[朝阳区],30k-40k,30k-40k 经验3-5年 / 本科,Maersk,电商 / 上市公司 / 2000人以上,互联网金融,“公司A轮融资。核心成员来自美国汇丰银行”
371,高级数据分析师,[朝阳门],30k-60k,30k-60k 经验5-10年 / 本科,蛋壳公寓,消费生活 / C轮 / 2000人以上,移动互联网 房产服务 数据分析 MySQL 数据挖掘,“发展空间、六险一金、加班补助”
372,数据分析师,[酒仙桥],20k-35k,20k-35k 经验5-10年 / 本科,360,信息安全 / 上市公司 / 2000人以上,数据分析,“平台大，福利待遇好”
373,数据分析师,[亮马桥],10k-20k,10k-20k 经验3-5年 / 本科,平安健康保险,金融 / 未融资 / 500-2000人,电商 数据分析 数据运营 可视化,“五险一金，年终分红，带薪年假，节日福利”
374,数据分析师,[海淀区],17k-25k,17k-25k 经验3-5年 / 本科,爱奇艺,文娱丨内容 / 上市公司 / 2000人以上,视频 移动互联网 商业 数据分析 数据运营 SQL,“年轻团队，全面的福利待遇和晋升空间”
375,直播审核策略-数据分析方向（CPDA）,[海淀区],8k-15k,8k-15k 经验不限 / 本科,字节跳动,文娱丨内容 / C轮 / 2000人以上,审核,“六险一金，免费三餐，租房补贴，带薪休假”
376,数据分析师（产品）,[望京],18k-35k,18k-35k 经验1-3年 / 本科,陌陌,社交 / 上市公司 / 500-2000人,数据分析,“核心团队”
377,高级数据分析师(J190605003),[海淀区],20k-30k,20k-30k 经验1-3年 / 本科,滴滴,汽车丨出行 / 不需要融资 / 2000人以上,滴滴,“高速成长，核心业务”
378,数据分析负责人,[朝阳区],50k-65k,50k-65k 经验5-10年 / 不限,映客,文娱丨内容 / 上市公司 / 500-2000人,直播 社交,“上市公司，岗位空间，团队氛围，六险一金”
379,数据分析师,[大兴区],25k-50k,25k-50k 经验5-10年 / 硕士,京东数字科技,金融 / 上市公司 / 2000人以上,数据分析,"“班车,餐补”"
380,高级数据分析师,[海淀区],25k-50k,25k-50k 经验5-10年 / 本科,度小满金融,金融 / A轮 / 500-2000人,互联网金融 借贷 SQL 可视化 数据分析 SPSS,“弹性工作，五险一金，节日福利”
381,高级数据分析师（保险）-北京-00853,[海淀区],18k-36k,18k-36k 经验3-5年 / 本科,同盾科技,"信息安全,数据服务 / C轮 / 500-2000人",数据挖掘 算法,“机会”
382,数据分析,[西直门],20k-40k,20k-40k 经验3-5年 / 本科,Udesk－企业级智能客服平台,企业服务 / C轮 / 150-500人,数据挖掘,"“团队强悍,待遇丰厚,地铁周边”"
383,数据分析专家,[酒仙桥],20k-35k,20k-35k 经验5-10年 / 本科,360,信息安全 / 上市公司 / 2000人以上,数据分析 数据运营,"“成长快,大平台”"
384,流量方向资深数据分析师,[朝阳区],20k-40k,20k-40k 经验3-5年 / 本科,车好多集团,消费生活 / D轮及以上 / 2000人以上,新零售 汽车 可视化 SPSS SQL 数据分析,"“奖金多,股票期权,团队好,领导好”"
385,数据分析师/科学家,[国贸],28k-45k,28k-45k 经验3-5年 / 本科,卓尔电商集团,"电商,金融 / 上市公司 / 500-2000人",数据分析,“完善的福利，多样化职业发展机制”
386,数据分析,[西三旗],15k-25k,15k-25k 经验3-5年 / 本科,转转,"移动互联网,消费生活 / A轮 / 500-2000人",SQL 商业 数据运营,“六险一金，带薪年假，绩效奖金，福利补贴”
387,数据分析师（市场）,[通州区],20k-30k,20k-30k 经验5-10年 / 本科,京东集团,电商 / 上市公司 / 2000人以上,市场 数据分析,“数据分析”
388,大数据分析师,[马甸],15k-25k,15k-25k 经验3-5年 / 本科,Synnex China,电商 / 上市公司 / 500-2000人,大数据,“五险一金 带薪年假”
389,数据分析,[海淀区],20k-30k,20k-30k 经验3-5年 / 大专,民生电商,"移动互联网,金融 / B轮 / 150-500人",互联网金融 SQL,“五险一金 节日福利”
390,数据分析专员（客服业务线）,[海淀区],8k-16k,8k-16k 经验1-3年 / 本科,字节跳动,文娱丨内容 / C轮 / 2000人以上,运营,“六险一金，免费三餐，租房补贴”
391,数据分析师（反作弊策略/市场投放分析）,[望京],18k-35k,18k-35k 经验3-5年 / 本科,陌陌,社交 / 上市公司 / 500-2000人,数据分析,“核心团队”
392,数据分析师,[大兴区],20k-35k,20k-35k 经验3-5年 / 本科,京东数字科技,金融 / 上市公司 / 2000人以上,商业 BI 可视化 SQL,“大平台 福利健全”
393,业务数据分析师,[大兴区],10k-20k,10k-20k 经验3-5年 / 本科,京东集团,电商 / 上市公司 / 2000人以上,电商,“绩效奖金，五险一金，免费班车，午餐补助”
394,商业数据分析师,[海淀区],30k-50k,30k-50k 经验3-5年 / 本科,Aibee,"移动互联网,企业服务 / A轮 / 150-500人",电商 新零售 数据分析,“发展前景好/六险一金/午晚餐/技术大牛”
395,大数据分析师,[西北旺],25k-30k,25k-30k 经验5-10年 / 不限,赛思股份,数据服务 / 上市公司 / 150-500人,数据分析,“五险一金 带薪年假 领导好”
396,平台数据分析师,[中关村],18k-35k,18k-35k 经验3-5年 / 本科,爱奇艺,文娱丨内容 / 上市公司 / 2000人以上,视频 数据分析 数据处理 数据架构,“六险一金、超长年假、轻松的工作环境”
397,资深数据分析师,[酒仙桥],25k-40k,25k-40k 经验5-10年 / 本科,360,信息安全 / 上市公司 / 2000人以上,数据分析 数据挖掘,“平台大，福利待遇好”
398,商业分析中心-数据分析师,[五道口],20k-40k,20k-40k 经验5-10年 / 本科,搜狗,工具 / 上市公司 / 2000人以上,移动互联网 数据分析,"“有挑战业务,智能营销,团队融洽”"
399,商业数据分析师,[望京],20k-40k,20k-40k 经验3-5年 / 本科,GrowingIO,"企业服务,数据服务 / B轮 / 150-500人",大数据 工具软件 数据分析 增长黑客（GrowthHacking）,"“五险一金,地铁周边,不打卡,包餐”"
400,增长策略数据分析师,[东城区],10k-20k,10k-20k 经验1-3年 / 本科,HOLLA Group,"移动互联网,社交 / A轮 / 50-150人",商业 增长黑客 数据分析 数据运营,“业务全球化，项目盈利，同事精英”
401,数据分析师,[双井],5k-10k,5k-10k 经验1-3年 / 本科,多多喵,"移动互联网,电商 / 天使轮 / 50-150人",数据分析 数据运营,“1.五险一金2.下午茶零食3.带薪年假”
402,资深数据分析师,[西北旺],30k-50k,30k-50k 经验5-10年 / 本科,网易,电商 / 上市公司 / 2000人以上,分类信息 数据分析,“核心岗位，六险一金”
403,数据分析高级经理,[亮马桥],20k-30k,20k-30k 经验5-10年 / 本科,有利网,金融 / 不需要融资 / 2000人以上,可视化 数据分析 数据库 SQL,“五险一金，周末双休，带薪年假、节日福利”
404,数据分析高级工程师,[亦庄],18k-25k,18k-25k 经验3-5年 / 本科,金风科技,"硬件,其他 / 上市公司 / 2000人以上",大数据 云计算 数据挖掘 数据分析 算法 数据处理,“工业互联网，数据分析，数据清洗，建模”
405,数据分析师——增长方向,[海淀区],10k-20k,10k-20k 经验不限 / 本科,字节跳动,文娱丨内容 / C轮 / 2000人以上,SQL 数据库 数据分析,“广阔的平台和发展空间。”
406,数据分析经理-L00732,[大兴区],20k-40k,20k-40k 经验5-10年 / 本科,京东数字科技,金融 / 上市公司 / 2000人以上,数据分析,"“班车,餐补”"
407,数据分析经理（商业）,[望京],15k-30k,15k-30k 经验3-5年 / 本科,陌陌,社交 / 上市公司 / 500-2000人,电商 广告营销 数据分析,"“发展空间大,福利好,团队氛围棒”"
408,增长数据分析,[大兴区],30k-50k,30k-50k 经验5-10年 / 本科,京东集团,电商 / 上市公司 / 2000人以上,电商 移动互联网 数据挖掘 数据分析,“平台大 发展好”
409,商业数据分析师,[朝外],20k-40k,20k-40k 经验3-5年 / 不限,Airbnb,移动互联网 / D轮及以上 / 2000人以上,Hive MySQL,"“硅谷独角兽,独角兽,纯英文办公”"
410,商业分析中心-数据分析leader,[五道口],25k-45k,25k-45k 经验5-10年 / 本科,搜狗,工具 / 上市公司 / 2000人以上,移动互联网 数据分析,"“有挑战业务,智能营销,团队融洽”"
411,高级数据分析师,[永顺],15k-25k,15k-25k 经验3-5年 / 硕士,阳光保险集团,金融 / 不需要融资 / 2000人以上,保险 增长黑客 数据分析 可视化 数据运营,“五险一金、餐补、交通补、补充医疗、氛围好”
412,小米贷款数据分析师,[上地],18k-35k,18k-35k 经验3-5年 / 不限,小米,硬件 / D轮及以上 / 2000人以上,数据分析,“大平台”
413,数据分析师,[万寿路],20k-25k,20k-25k 经验3-5年 / 本科,鼎晟天成,"移动互联网,教育 / 不需要融资 / 50-150人",数据分析 SQL,“领导nice 福利好”
414,数据分析/产品,[东城区],15k-30k,15k-30k 经验3-5年 / 本科,聚美优品,电商 / 上市公司 / 2000人以上,电商 广告营销 数据分析,“上市公司”
415,数据分析高经/专家,[安贞],30k-50k,30k-50k 经验不限 / 本科,美菜网,电商 / D轮及以上 / 2000人以上,大数据 数据分析,“完成6轮融资待上市 仓储物流互联网于一体”
416,市场数据分析师,[东城区],13k-18k,13k-18k 经验1-3年 / 本科,齐聚科技（原呱呱视频）,"移动互联网,游戏 / C轮 / 150-500人",视频 直播 数据分析 行业分析 市场分析 市场竞争分析,"“领导好,弹性工时,五险一金,前景好”"
417,数据分析课程研究员(J10911),[西三旗],30k-50k,30k-50k 经验不限 / 本科,传智播客,教育 / C轮 / 500-2000人,商业 数据分析,“待遇好”
418,数据分析岗（物流运营数据）,[亦庄],15k-20k,15k-20k 经验3-5年 / 本科,京东物流,物流丨运输 / 上市公司 / 2000人以上,物流 数据分析 数据处理 SQLServer,“发展空间大 业务高效 团队氛围愉悦”
419,数据分析实习生,[中关村],4k-6k,4k-6k 经验应届毕业生 / 硕士,博雅大数据学院,教育 / 未融资 / 50-150人,大数据,"“餐补,交通补”"
420,数据分析实习生,[海淀区],3k-4k,3k-4k 经验不限 / 本科,字节跳动,文娱丨内容 / C轮 / 2000人以上,数据分析,“免费三餐，租房补贴，休闲下午茶，扁平管理”
421,数据分析师--偏数据应用产品,[大兴区],20k-35k,20k-35k 经验3-5年 / 本科,京东数字科技,金融 / 上市公司 / 2000人以上,商业 BI 可视化,“大平台 福利健全”
422,增长数据分析,[大兴区],15k-25k,15k-25k 经验3-5年 / 本科,京东集团,电商 / 上市公司 / 2000人以上,电商 移动互联网 数据分析 SQL,“平台大 发展好”
423,数据分析岗,[大兴区],15k-25k,15k-25k 经验5-10年 / 本科,京东物流,物流丨运输 / 上市公司 / 2000人以上,物流 数据分析,“京东物流子集团”
424,商品数据分析,[中关村],16k-25k,16k-25k 经验5-10年 / 本科,多点Dmall,"电商,消费生活 / C轮 / 500-2000人",电商 新零售 商业 SQL 数据分析,“商业补充医疗，弹性工作，年度体检”
425,BI-数据分析高级专家10653,[酒仙桥],25k-50k,25k-50k 经验5-10年 / 本科,车好多集团,消费生活 / D轮及以上 / 2000人以上,电商 新零售,"“弹性工作,股票期权,空间大”"
426,数据分析助教,[知春路],8k-12k,8k-12k 经验1-3年 / 本科,开课吧,"移动互联网,教育 / C轮 / 500-2000人",教育 Hadoop 数据分析 MySQL,“五险一金，弹性工作制，股权机制”
427,数据分析师,[小关],15k-20k,15k-20k 经验3-5年 / 大专,华云中盛,"数据服务,移动互联网 / 不需要融资 / 500-2000人",数据分析,“发展前景”
428,数据分析师,[百子湾],7k-12k,7k-12k 经验应届毕业生 / 硕士,时趣social-touch,移动互联网 / D轮及以上 / 500-2000人,广告营销 大数据 数据分析 BI 数据运营,“带薪年假，弹性工作，发展潜力大”
429,数据分析高级专家,[西北旺],20k-40k,20k-40k 经验1-3年 / 本科,Pony.ai 小马智行,其他 / A轮 / 150-500人,数据分析,“大牛云集，技术导向的团队！”
430,数据分析师,[望京],15k-25k,15k-25k 经验5-10年 / 本科,欧思其,"企业服务,汽车丨出行 / 不需要融资 / 150-500人",汽车 数据分析 SPSS SQL,“五险一金 年终奖 团建 节日福利 体检”
431,数据分析专员（业务方向）,[朝外],10k-15k,10k-15k 经验3-5年 / 本科,黄豆伟业,"电商,移动互联网 / 不需要融资 / 150-500人",电商 数据分析,“新业务、增长点高、领导好、企业氛围好”
432,经营数据分析,[朝阳区],15k-20k,15k-20k 经验1-3年 / 本科,美团点评,消费生活 / 上市公司 / 2000人以上,数据分析,“核心业务 成长快”
433,数据分析师,[苏州街],15k-25k,15k-25k 经验3-5年 / 本科,异乡好居,"移动互联网,教育 / B轮 / 150-500人",电商 房产服务 BI 数据分析 SQL,“团队氛围好、扁平化、B轮冲C轮中！”
434,数据分析,[中关村],7k-12k,7k-12k 经验不限 / 大专,九五太维,移动互联网 / 不需要融资 / 2000人以上,广告营销 SQL,“上五休二 班车 早晚餐 平台好”
435,数据分析经理,[海淀区],15k-30k,15k-30k 经验不限 / 本科,字节跳动,文娱丨内容 / C轮 / 2000人以上,审核,“六险一金，弹性工作，免费三餐，租房补贴”
436,数据分析师,[大兴区],15k-30k,15k-30k 经验3-5年 / 本科,京东数字科技,金融 / 上市公司 / 2000人以上,数据分析,“超级广阔的发展前景、超级棒的福利”
437,数据分析-经营,[通州区],20k-30k,20k-30k 经验5-10年 / 本科,京东集团,电商 / 上市公司 / 2000人以上,数据分析 市场分析 行业分析,"“学习氛围,成长空间,领导nice”"
438,数据分析岗,[亦庄],12k-24k,12k-24k 经验3-5年 / 本科,京东物流,物流丨运输 / 上市公司 / 2000人以上,物流 SQLServer,“SQL、AI、数据开发”
439,数据分析经理,[中关村],21k-29k,21k-29k 经验3-5年 / 本科,多点Dmall,"电商,消费生活 / C轮 / 500-2000人",电商 新零售 数据分析 效果跟踪,“商业补充医疗，弹性工作，年度体检”
440,财新收费板块数据分析师,[建外大街],20k-40k,20k-40k 经验5-10年 / 本科,财新传媒,文娱丨内容 / A轮 / 150-500人,数据分析,“五险一金，补充医疗，餐补，交通补贴”
441,数据分析,[马连洼],15k-25k,15k-25k 经验不限 / 本科,新浪网,文娱丨内容 / 上市公司 / 2000人以上,免费班车 岗位晋升 五险一金 定期体检,“竞争力薪资”
442,数据分析师,[大兴区],18k-36k,18k-36k 经验3-5年 / 本科,京东数字科技控股有限公司,金融 / B轮 / 2000人以上,数据分析 增长黑客 SQL,“高成长性”
443,数据分析师,[海淀区],10k-15k,10k-15k 经验3-5年 / 本科,中北信科技,"企业服务,数据服务 / 不需要融资 / 50-150人",数据分析,“五险一金”
444,数据分析专家,[酒仙桥],25k-40k,25k-40k 经验3-5年 / 本科,360,信息安全 / 上市公司 / 2000人以上,数据分析 数据挖掘 数据处理,“平台大，福利待遇好”
445,课程数据分析专员,[朝阳区],6k-9k,6k-9k 经验1年以下 / 本科,笔记侠,移动互联网 / A轮 / 15-50人,互联网金融 教育 运营 数据分析 效果跟踪,“公司资源，发展前景，加班少”
446,数据分析师（数据产品经理）,[北京大学],25k-35k,25k-35k 经验3-5年 / 本科,新浪微博,文娱丨内容 / 上市公司 / 2000人以上,大数据 数据挖掘 数据分析,"“带薪年假,大平台福利,六险一金,出境游”"
447,数据分析岗,[广内大街],8k-15k,8k-15k 经验3-5年 / 本科,国家电网全资子公司北京汇通金财,"电商,金融 / 不需要融资 / 500-2000人",数据分析,“福利待遇 发展前景”
448,产品数据分析专员,[清河],8k-15k,8k-15k 经验1-3年 / 本科,小米,硬件 / D轮及以上 / 2000人以上,其他,“大牛团队”
449,数据分析挖掘,[朝外],30k-50k,30k-50k 经验3-5年 / 本科,索信达数据,人工智能 / 上市公司 / 150-500人,大数据 银行 数据挖掘 数据分析,“七险一金，不加班；晋升快速，涨知识；”