,标题,城市,公司地点,薪资待遇,工位要求,公司名称,公司级别,岗位技能,公司短评
0,数据分析师（SB0902）,长沙,[岳麓区],8k-10k,8k-10k 经验1-3年 / 本科,蜜獾信息,移动互联网 / 不需要融资 / 150-500人,数据分析 SQLServer,"“五险一金,超长带薪期,周末双休,年终奖金”"
1,数据分析师,长沙,[天心区],8k-15k,8k-15k 经验1-3年 / 不限,E-jade,"移动互联网,游戏 / 不需要融资 / 150-500人",游戏 移动互联网 数据分析 数据运营,"“年轻化,扁平化管理,海外交流,弹性工作”"
2,数据分析师,长沙,[天心区],8k-12k,8k-12k 经验1-3年 / 本科,湖南麓山云数据科技服务有限公司,"移动互联网,数据服务 / 不需要融资 / 150-500人",大数据 移动互联网 数据分析 数据运营 SQL SPSS,"“学习机会,晋升空间”"
3,数据分析工程师,长沙,[麓谷],13k-15k,13k-15k 经验5-10年 / 本科,中和农信,"移动互联网,金融 / 不需要融资 / 2000人以上",大数据 数据分析,"“六险一金,带薪年假,广阔平台,工作餐”"
4,数据分析/运营,长沙,[咸嘉湖],10k-18k,10k-18k 经验5-10年 / 本科,58到家,消费生活 / D轮及以上 / 2000人以上,本地生活 移动互联网 数据分析,"“公司靠谱,产品靠谱,领导靠谱,团队靠谱”"
5,数据分析工程师,长沙,[张公岭],8k-15k,8k-15k 经验3-5年 / 本科,中通服创发科技有限责任公司,"移动互联网,电商 / 上市公司 / 150-500人",数据分析,“一切皆可能”
6,数据分析工程师,长沙,[天心区],10k-15k,10k-15k 经验5-10年 / 本科,致新医疗,其他 / 未融资 / 150-500人,医疗健康 物流 数据分析,“五险一金 餐补 交通补助 通讯补助”
7,大数据分析师,长沙,[长沙县],30k-60k,30k-60k 经验5-10年 / 本科,中人网,企业服务 / 上市公司 / 150-500人,企业服务 大数据 算法 数据挖掘 数据架构 数据分析,“产品研发”
8,大数据分析师,长沙,[袁家岭],8k-10k,8k-10k 经验3-5年 / 本科,中兴华易,移动互联网 / 未融资 / 150-500人,大数据 Hadoop 数据分析,“五险一金，年终奖，定期体检，员工旅游”
9,数据分析专员,长沙,[五里牌],4k-8k,4k-8k 经验1-3年 / 本科,山川咨询,"企业服务,教育 / 未融资 / 150-500人",大数据 企业服务 数据分析 SPSS 数据库,“五险 清晰的岗位定位 高底薪高提成”
10,数据分析,长沙,[荷花园],6k-8k,6k-8k 经验3-5年 / 本科,北京天意飞扬科技,"电商,移动互联网 / 未融资 / 少于15人",移动互联网 通信/网络设备,“五险一金 双休 运营总监”
11,研究院数据分析师,长沙,[天心区],6k-10k,6k-10k 经验不限 / 硕士,长沙市云研网络科技有限公司,"移动互联网,消费生活 / 未融资 / 15-50人",移动互联网 大数据,“双休、五险、半年调薪一次的机会”
12,数据分析专员,长沙,[五里牌],4k-6k,4k-6k 经验不限 / 大专,华澜环保,"数据服务,硬件 / A轮 / 15-50人",大数据 数据分析,“作贮备经理，工资高，五险一金，补贴，提成”
13,数据分析管培生,长沙,[麓谷],3k-5k,3k-5k 经验应届毕业生 / 本科,步步高商业连锁股份有限公司,"电商,金融 / 上市公司 / 2000人以上",数据分析 SQL,“五险一金周末双休年底双薪技能培训大牛团队”
14,新媒体营销数据分析师,长沙,[广电中心],6k-7k,6k-7k 经验1-3年 / 本科,芒果tv,文娱丨内容 / 上市公司 / 500-2000人,市场 数据分析,"“一流的平台,丰厚的奖金”"
15,数据分析实习生,长沙,[麓谷],4k-6k,4k-6k 经验应届毕业生 / 本科,中和农信,"移动互联网,金融 / 不需要融资 / 2000人以上",数据挖掘 数据分析,"“七险一金,年底多薪，工会福利，带薪年假”"
