,标题,城市,公司地点,薪资待遇,工位要求,公司名称,公司级别,岗位技能,公司短评
0,数据分析,广州,[天河区],4k-8k,4k-8k 经验1-3年 / 本科,细刻科技,"移动互联网,电商 / A轮 / 500-2000人",电商 数据运营 数据库,“双休，五险一金，餐补，生日会，加班补贴”
1,数据分析师,广州,[五山],20k-40k,20k-40k 经验1-3年 / 本科,wlaike,"移动互联网,企业服务 / B轮 / 150-500人",数据分析 SQL,“牛人多 交通补贴 餐补 绩效奖 海外旅游”
2,数据分析师,广州,[珠江新城],10k-20k,10k-20k 经验不限 / 本科,趣丸,游戏 / 不需要融资 / 150-500人,数据分析,"“五险一金,包三餐,大牛多,空间大”"
3,数据分析专家,广州,[大石],25k-50k,25k-50k 经验5-10年 / 本科,欢聚时代（YY Inc）,文娱丨内容 / 上市公司 / 2000人以上,直播 视频 数据分析,“上市公司 互联网 大平台”
4,数据分析,广州,[天河区],12k-24k,12k-24k 经验3-5年 / 本科,网易,电商 / 上市公司 / 2000人以上,SQL 数据运营 BI,“6险1金 16薪 免费食堂 健身房”
5,数据分析师,广州,[客村],8k-13k,8k-13k 经验1-3年 / 本科,小黑屋,移动互联网 / A轮 / 50-150人,Hive 数据分析 数据挖掘,“团队”
6,数据分析实习生,广州,[海珠区],2k-3k,2k-3k 经验应届毕业生 / 本科,触漫,"移动互联网,文娱丨内容 / A轮 / 50-150人",数据分析 SQLServer,"“周末双休,六险一金,年度旅行,年度体检”"
7,数据分析师,广州,[五山],10k-15k,10k-15k 经验应届毕业生 / 本科,赛泽科技,"移动互联网,游戏 / 未融资 / 50-150人",数据分析 数据库 数据运营,“五险一金、绩效奖金、包吃、节假日福利等”
8,数据分析师,广州,[海珠区],8k-15k,8k-15k 经验1-3年 / 本科,作文纸条,"移动互联网,教育 / A轮 / 50-150人",移动互联网 教育 数据分析 增长黑客 数据运营 可视化,“顶级风投、爆发式增长、周末双休、六险一金”
9,数据分析师（产品方向）,广州,[市桥],8k-13k,8k-13k 经验1-3年 / 本科,经传多赢,金融 / 不需要融资 / 2000人以上,产品设计 需求分析 数据分析,“前途一片光明”
10,PTBU-数据分析师,广州,[东圃],15k-25k,15k-25k 经验不限 / 本科,酷狗音乐,文娱丨内容 / 上市公司 / 500-2000人,数据分析 数据挖掘,“五险一金，餐饮补贴，年终奖，旅游”
11,数据分析师,广州,[海珠区],6k-12k,6k-12k 经验1-3年 / 本科,AI考拉,金融 / A轮 / 50-150人,数据分析 BI,“五险一金 周末双休 年度旅游 丰盛下午茶”
12,数据分析师,广州,[广卫],8k-15k,8k-15k 经验1-3年 / 本科,茉莉传媒,广告营销 / 不需要融资 / 150-500人,电商 数据分析,"“行业大咖,阿里巴巴,新媒体广告”"
13,数据分析师,广州,[新港],6k-10k,6k-10k 经验1-3年 / 本科,广州原象,电商 / 不需要融资 / 150-500人,电商 大数据 商业 数据分析,“双休 CBD”
14,数据分析,广州,[五山],8k-15k,8k-15k 经验1-3年 / 本科,Tec-Do,"移动互联网,广告营销 / A轮 / 150-500人",广告营销 移动互联网 数据运营,"“五险一金,年底双薪,绩效奖金,氛围好”"
15,商业数据分析师(011965),广州,[越秀区],10k-15k,10k-15k 经验3-5年 / 本科,屈臣氏中国,消费生活 / 不需要融资 / 2000人以上,新零售 商业 数据分析 数据运营 数据库,"“发展空间大,工作氛围好,精英团队”"
16,数据分析师,广州,[天河区],12k-24k,12k-24k 经验3-5年 / 本科,网易,电商 / 上市公司 / 2000人以上,Hadoop 数据处理 数据分析 MySQL,“6险1金 16薪 免费食堂 健身房”
17,SPBU-数据分析师,广州,[棠下],20k-35k,20k-35k 经验3-5年 / 本科,酷狗音乐,文娱丨内容 / 上市公司 / 500-2000人,移动互联网 数据分析,"“大平台,下午茶福利,五险一金,餐补”"
18,数据分析师,广州,[天河区],10k-18k,10k-18k 经验1-3年 / 本科,广州银行信用卡中心,金融 / 不需要融资 / 2000人以上,SQL 数据分析,“平台建设，业务扩张迅速，消费金融行业增涨”
19,数据分析师,广州,[元岗],8k-15k,8k-15k 经验3-5年 / 本科,悦跑圈,移动互联网 / C轮 / 150-500人,数据分析 数据库 SQL,“周末双休 工作氛围好 六险一金”
20,数据分析师,广州,[天河区],8k-13k,8k-13k 经验不限 / 本科,租租车,"旅游,消费生活 / C轮 / 500-2000人",BI SQL 数据库 数据分析,“五险一金，年终奖，周末双休，境外旅游”
21,数据分析师,广州,[西关],10k-15k,10k-15k 经验3-5年 / 本科,对庄科技,移动互联网 / A轮 / 15-50人,电商 大数据 MySQL 数据分析 数据挖掘 DBA,"“发展空间大,给力小伙伴,经验值UP”"
22,数据分析师,广州,[海珠区],10k-20k,10k-20k 经验1-3年 / 本科,凡科,企业服务 / 上市公司 / 500-2000人,大数据 数据分析,"“八险一金,双休,带薪年假,节日福利”"
23,数据分析师,广州,[棠下],10k-18k,10k-18k 经验3-5年 / 本科,华资软件,"移动互联网,数据服务 / 上市公司 / 500-2000人",数据分析 数据库,“BI、人工智能、大数据、物联网的应用”
24,数据分析师（会员营销）,广州,[越秀区],10k-15k,10k-15k 经验3-5年 / 大专,屈臣氏中国,消费生活 / 不需要融资 / 2000人以上,广告营销 新零售,"“发展空间大,工作氛围好,千万级用户”"
25,数据分析师,广州,[东圃],12k-18k,12k-18k 经验1-3年 / 本科,省省回头车,消费生活 / A轮 / 50-150人,物流 移动互联网 数据分析 数据运营 数据库,“五险一金 期权激励 年底双薪 双休”
26,数据分析师,广州,[市桥],8k-13k,8k-13k 经验3-5年 / 本科,美的电商,电商 / 上市公司 / 2000人以上,电商 大数据 商业 数据分析 SPSS BI,“不打卡 团队年轻 领导nice”
27,数据分析师,广州,[天河区],15k-25k,15k-25k 经验5-10年 / 本科,卓越教育集团,"消费生活,教育 / 不需要融资 / 2000人以上",教育 移动互联网 数据分析,“BAT队友、团队nice、丰厚奖金、双休”
28,数据分析经理,广州,[海幢],10k-20k,10k-20k 经验5-10年 / 大专,悦然,电商 / 不需要融资 / 500-2000人,电商 数据库 数据运营 数据分析 商业,“五险 年终奖 节日福利 年度旅游 全勤奖”
29,数据分析师（广州/深圳）,广州,[岭南],8k-15k,8k-15k 经验3-5年 / 本科,HARB,企业服务 / B轮 / 50-150人,新零售 大数据 数据分析,“外资高管团队；公司文化好；已获多轮融资”
30,资深数据分析师,广州,[天河区],15k-25k,15k-25k 经验3-5年 / 本科,网易,电商 / 上市公司 / 2000人以上,数据分析,“大平台，成长空间大，福利体系完善”
31,ZBBU-数据分析师,广州,[棠下],10k-20k,10k-20k 经验1-3年 / 本科,酷狗音乐,文娱丨内容 / 上市公司 / 500-2000人,数据分析,"“年终奖,发展空间大,员工旅游,绩效奖金”"
32,数据分析师（初级）,广州,[天河区],4k-8k,4k-8k 经验1年以下 / 本科,悦跑圈,移动互联网 / C轮 / 150-500人,体育 移动互联网 数据分析 数据运营 数据库,“五险一金，周末双休，公司氛围好”
33,数据分析经理,广州,[广卫],20k-30k,20k-30k 经验3-5年 / 本科,茉莉传媒,广告营销 / 不需要融资 / 150-500人,电商 数据分析,"“扁平管理,文化先行”"
34,数据分析师,广州,[越秀区],12k-20k,12k-20k 经验3-5年 / 本科,龙腾出行,"消费生活,旅游 / 上市公司 / 150-500人",数据分析 可视化 商业,“互联网产品，薪酬福利好，发展空间大”
35,数据分析师,广州,[黄埔区],8k-15k,8k-15k 经验1-3年 / 本科,蓝月亮,消费生活 / 不需要融资 / 2000人以上,数据分析,“五险一金 周末双休 带薪年假”
36,数据分析专家,广州,[海珠区],25k-40k,25k-40k 经验5-10年 / 本科,百布,移动互联网 / C轮 / 150-500人,数据挖掘 数据架构 数据仓库,"“不打卡,五险一金,扁平化管理,氛围轻松”"
37,数据分析师,广州,[海珠区],15k-25k,15k-25k 经验3-5年 / 本科,鲸鱼集团,游戏 / 不需要融资 / 150-500人,游戏 广告营销 数据分析,"“薪资丰厚,公司发展迅”"
38,数据分析师,广州,[天河区],10k-18k,10k-18k 经验3-5年 / 本科,联蔚科技,"移动互联网,电商 / 未融资 / 500-2000人",电商 新零售 数据分析 SQL 可视化,“大公司发展平台好，薪资福利好，工作环境好”
39,HR-数据分析,广州,[番禺区],15k-25k,15k-25k 经验3-5年 / 本科,Bigo,"移动互联网,社交 / 上市公司 / 2000人以上",HR 人力资源 人事,“福利好 发展空间大”
40,数据分析师（BI运营）,广州,[东圃],6k-10k,6k-10k 经验1-3年 / 大专,广府数字,"区块链,电商 / 未融资 / 15-50人",大数据 移动互联网 运营 数据分析,"“股票期权,高福利,公司核心骨,报酬丰厚”"
41,数据分析工程师,广州,[琶洲],15k-30k,15k-30k 经验3-5年 / 本科,Fordeal,"电商,移动互联网 / C轮 / 2000人以上",电商 数据分析,“期权激励 绩效奖金 扁平管理 五险一金”
42,数据分析师,广州,[东圃],10k-15k,10k-15k 经验1-3年 / 本科,乐麦信息技术（杭州）有限公司,电商 / 不需要融资 / 500-2000人,电商 商业 BI 数据分析,"“五险一金,周末双休,带薪年假,内部培养”"
43,数据分析经理,广州,[石牌],10k-20k,10k-20k 经验3-5年 / 不限,北鱼游戏,游戏 / 未融资 / 50-150人,游戏 市场 数据分析,“六险一金 奖金丰厚，包餐 绩效”
44,数据分析,广州,[天河公园],6k-10k,6k-10k 经验应届毕业生 / 本科,三七互娱,游戏 / 上市公司 / 2000人以上,广告营销 商业,“福利丰厚 上市公司 氛围轻松 餐补”
45,数据分析专家,广州,[天河区],20k-40k,20k-40k 经验5-10年 / 本科,网易,电商 / 上市公司 / 2000人以上,数据分析,“大平台，成长空间大，福利体系完善”
46,数据分析师,广州,[海珠区],7k-12k,7k-12k 经验3-5年 / 本科,联邦车网,"移动互联网,消费生活 / 不需要融资 / 150-500人",移动互联网 汽车 数据分析 运营 用户增长,“周末双休、晋升空间大、五险一金、福利好”
47,产品运营-数据分析岗（线上精品棋牌手游）,广州,[天河城],8k-16k,8k-16k 经验3-5年 / 本科,嘉米游戏,"移动互联网,游戏 / 不需要融资 / 50-150人",游戏 产品运营 数据分析 游戏运营,"“五险一金,年终奖,员工旅游,绩效奖金”"
48,数据分析师,广州,[珠江新城],10k-20k,10k-20k 经验3-5年 / 本科,PPmoney互联网金融平台,金融 / 上市公司 / 500-2000人,SQL 数据分析 数据库,“牛人多 待遇福利好 氛围轻松”
49,数据分析经理,广州,[市桥],30k-50k,30k-50k 经验5-10年 / 本科,Bigo,"移动互联网,社交 / 上市公司 / 2000人以上",社交 移动互联网 SPSS SQL 数据分析,"“牛人团队,项目前景,薪资福利,发展空间”"
50,数据分析师/高级数据专员,广州,[兴华],8k-10k,8k-10k 经验1-3年 / 本科,一智通,企业服务 / B轮 / 150-500人,数据分析 SQL,"“公司发展快,平台好,地铁附近,氛围优”"
51,数据分析工程师,广州,[番禺区],8k-14k,8k-14k 经验1-3年 / 本科,伊的家,电商 / 不需要融资 / 2000人以上,电商 大数据 数据分析 数据挖掘 Hadoop MySQL,"“专项奖金,自驱型团队,环境高大上”"
52,数据分析师（流程优化）,广州,[琶洲],6k-8k,6k-8k 经验不限 / 本科,AdMaster,数据服务 / 不需要融资 / 500-2000人,大数据 广告营销 SQL 数据分析 可视化 数据库,"“六险一金,带薪年假,餐补,年终奖”"
53,高级数据分析师,广州,[荔湾区],12k-18k,12k-18k 经验5-10年 / 本科,绿瘦,医疗丨健康 / 不需要融资 / 2000人以上,医疗健康 大数据 SQLServer 数据处理 数据分析,"“大牛多,氛围佳,环境好”"
54,数据分析工程师,广州,[冼村],18k-30k,18k-30k 经验3-5年 / 本科,翡翠东方TVBC,文娱丨内容 / 不需要融资 / 15-50人,媒体 运维 数据分析,“数据分析”
55,数据分析专员,广州,[猎德],6k-9k,6k-9k 经验1-3年 / 本科,Ways,企业服务 / 未融资 / 150-500人,SQL 数据分析,“六险一金”
56,高级数据分析,广州,[海珠区],15k-25k,15k-25k 经验5-10年 / 本科,百布,移动互联网 / C轮 / 150-500人,数据分析 数据处理,"“不打卡,五险一金,扁平化管理,氛围轻松”"
57,数据分析工程师 (MJ000239),广州,[棠下],15k-30k,15k-30k 经验不限 / 本科,荔枝,社交 / D轮及以上 / 500-2000人,Hive 数据分析,“技术大牛多 领导nice 薪酬福利好”
58,数据分析师工程师,广州,[林和],8k-14k,8k-14k 经验3-5年 / 本科,租租车,"旅游,消费生活 / C轮 / 500-2000人",移动互联网 SQLServer,"“五险一金,年度旅游,交通补贴,健身房”"
59,数据分析Leader,广州,[琶洲],20k-40k,20k-40k 经验3-5年 / 本科,触宝,"移动互联网,数据服务 / 上市公司 / 500-2000人",移动互联网 商业 增长黑客 数据分析 BI,“美股上市公司，团队牛人多”
60,高级数据分析专员,广州,[天河区],15k-30k,15k-30k 经验3-5年 / 本科,网易,电商 / 上市公司 / 2000人以上,数据分析,“大平台，成长空间大，福利体系完善”
61,数据分析经理,广州,[跑马场],25k-40k,25k-40k 经验3-5年 / 本科,PLAY800,"移动互联网,游戏 / 天使轮 / 150-500人",游戏 移动互联网 数据分析 数据架构 数据挖掘 MySQL,“环境好，双休，餐补，五险一金，健身房，”
62,高级数据分析师,广州,[市桥],20k-40k,20k-40k 经验不限 / 不限,Bigo,"移动互联网,社交 / 上市公司 / 2000人以上",社交 移动互联网 数据分析 数据运营 增长黑客,“年底双薪 年终奖 海外机会 股票期权”
63,高级数据分析师,广州,[林和],10k-20k,10k-20k 经验3-5年 / 本科,Gridsum 国双,"数据服务,企业服务 / 上市公司 / 500-2000人",数据分析,“上市公司 前景佳 氛围好 牛人多”
64,数据分析总监 (MJ001218),广州,[珠江新城],50k-100k,50k-100k 经验5-10年 / 本科,PPmoney互联网金融平台,金融 / 上市公司 / 500-2000人,互联网金融 数据挖掘 数据架构 数据分析 数据处理,“双休 弹性工作 餐补 五险一金”
65,数据分析师-广州,广州,[琶洲],6k-8k,6k-8k 经验不限 / 本科,AdMaster,数据服务 / 不需要融资 / 500-2000人,社交 大数据,"“六险一金,带薪年假,餐补,年终奖”"
66,实时数据分析师（现场管理专员/服务督办）,广州,[林和],5k-7k,5k-7k 经验1-3年 / 本科,租租车,"旅游,消费生活 / C轮 / 500-2000人",客服 售前 售后,“五险一金，年终奖，周末双休，境外旅游”
67,数据分析主管,广州,[南洲],16k-23k,16k-23k 经验5-10年 / 本科,巴图鲁公司,汽车丨出行 / C轮 / 500-2000人,电商 BI 数据分析,“五险一金；带薪假期；”
68,数据分析实习生 (MJ000230),广州,[天河区],2k-4k,2k-4k 经验应届毕业生 / 不限,荔枝,社交 / D轮及以上 / 500-2000人,数据分析 Hive,“技术大牛多 领导nice 薪酬福利好”
69,数据分析工程师,广州,[番禺区],10k-15k,10k-15k 经验1-3年 / 不限,数驰科技,数据服务 / 未融资 / 15-50人,金融 数据分析,"“五险一金,五天八小时,年终双薪,金融项目”"
70,通信信令数据分析工程师,广州,[林和],13k-25k,13k-25k 经验5-10年 / 本科,诺基亚华诺科技,"移动互联网,数据服务 / 不需要融资 / 500-2000人",通信/网络设备 移动互联网,"“高薪酬,高福利,世界500”"
71,数据分析专员,广州,[棠下],4k-7k,4k-7k 经验1年以下 / 大专,漫灵软件,移动互联网 / 未融资 / 150-500人,游戏 数据分析 数据运营,“成熟发行团队 五险一金”
72,数据分析专员,广州,[萝岗区],8k-14k,8k-14k 经验3-5年 / 本科,健客网,"电商,医疗丨健康 / B轮 / 500-2000人",医疗健康 移动互联网 可视化 数据分析 SPSS SQL,“晋升空间大、五险一金、周末双休”
73,高级数据分析师 (MJ000105),广州,[番禺区],20k-30k,20k-30k 经验不限 / 本科,欢聚时代（YY Inc）,文娱丨内容 / 上市公司 / 2000人以上,移动互联网 数据分析,“上市公司、年度旅游”
74,数据分析工程师,广州,[天河区],15k-25k,15k-25k 经验不限 / 本科,数字广东（腾讯投资公司）,移动互联网 / 不需要融资 / 500-2000人,移动互联网,"“精英团队,大数据平台,千万级用户”"
75,数据分析实习生,广州,[天河区],1k-2k,1k-2k 经验应届毕业生 / 本科,网易,电商 / 上市公司 / 2000人以上,数据分析,“平台好 、导师制、包三餐”
76,业务数据分析师,广州,[南洲],8k-16k,8k-16k 经验1-3年 / 本科,巴图鲁公司,汽车丨出行 / C轮 / 500-2000人,电商 数据分析,“五险一金；带薪假期；绩效奖金；双休”
77,数据分析主管/经理 (MJ001206),广州,[珠江新城],15k-30k,15k-30k 经验1-3年 / 不限,PPmoney互联网金融平台,金融 / 上市公司 / 500-2000人,数据分析 数据处理,“双休 弹性工作 餐补 五险一金”
78,数据分析工程师,广州,[石牌],15k-30k,15k-30k 经验5-10年 / 本科,数字广东（腾讯投资公司）,移动互联网 / 不需要融资 / 500-2000人,云计算 大数据 数据分析,"“六险一金,16薪,腾讯云”"
79,高级数据分析师,广州,[棠下],15k-25k,15k-25k 经验3-5年 / 大专,中顺网络,"游戏,移动互联网 / 未融资 / 150-500人",数据挖掘 数据架构 数据仓库 数据分析,“五险一金绩效奖金带薪年假病假餐补全勤双休”
80,数据分析师,广州,[越秀区],5k-8k,5k-8k 经验1-3年 / 本科,广东智源,"移动互联网,企业服务 / 不需要融资 / 50-150人",大数据 算法 数据挖掘 数据分析,"“五险一金,绩效奖金,月度活动,年度旅游”"
81,高级数据分析师,广州,[林和],15k-25k,15k-25k 经验3-5年 / 本科,广州小迈,移动互联网 / B轮 / 150-500人,电商 数据分析 数据处理 MySQL,"“大牛多,领导nic,双休弹性工,福利齐全”"
82,高级数据分析师（python MySQL),广州,[黄埔区],11k-17k,11k-17k 经验3-5年 / 本科,贝业思,"数据服务,移动互联网 / 不需要融资 / 15-50人",大数据,"“股权激励,五险一金,算法牛人,扁平管理”"
83,数据分析专员,广州,[天河公园],6k-10k,6k-10k 经验1-3年 / 本科,三七互娱,游戏 / 上市公司 / 2000人以上,广告营销 游戏 数据分析,"“上市公司,福利待遇好,晋升制度全”"
84,推广与数据分析专员,广州,[客村],5k-10k,5k-10k 经验不限 / 不限,青木科技,电商 / 未融资 / 500-2000人,电商 网店推广 推广 SEO,“五险一金 绩效激励 晋升机会 年轻团队”
85,高级数据分析师（荔湾西朗）,广州,[芳村],12k-15k,12k-15k 经验5-10年 / 本科,绿瘦,医疗丨健康 / 不需要融资 / 2000人以上,大数据 云计算 Hive 数据分析 MySQL Oracle,“大平台 五险一金 提供食宿”
86,数据分析工程师,广州,[车陂],12k-15k,12k-15k 经验3-5年 / 本科,公瑾,移动互联网 / C轮 / 2000人以上,数据分析 SQL,"“周末双休,绩效奖金,五险一金,年底双薪”"
87,数据分析经理,广州,[员村],18k-25k,18k-25k 经验3-5年 / 大专,金山办公软件,移动互联网 / 上市公司 / 2000人以上,电商 社交 商业 SQL 数据分析 SPSS,“免费三餐”
88,数据分析,广州,[白云大道],8k-12k,8k-12k 经验1-3年 / 大专,昌正贸易,"移动互联网,其他 / 不需要融资 / 500-2000人",电商 BI 可视化 SQL 数据库,“五险一金 餐饮补贴 年度体检 出国机会”
89,数据运营专家/高级数据分析师,广州,[海珠区],15k-30k,15k-30k 经验3-5年 / 本科,高灯科技,"移动互联网,电商 / A轮 / 150-500人",运营 数据分析 策略运营 用户运营,“腾讯系 扁平化 领导nice”
90,数据分析师,广州,[越秀区],8k-15k,8k-15k 经验1-3年 / 硕士,广东智源,"移动互联网,企业服务 / 不需要融资 / 50-150人",大数据 算法 数据挖掘 数据分析,"“五险一金,绩效奖金,月度活动,年度旅游”"
91,中高级数据分析师,广州,[南洲],14k-20k,14k-20k 经验3-5年 / 本科,巴图鲁公司,汽车丨出行 / C轮 / 500-2000人,BI 数据分析 SQL,"“福利齐全,技术杠杠,氛围轻松,扁平管理”"
92,高级数据分析师,广州,[跑马场],25k-45k,25k-45k 经验3-5年 / 本科,广发证券,金融 / 上市公司 / 2000人以上,大数据 Hive MySQL Oracle SQLServer,"“季度奖,年终奖,牛人多,环境好”"
93,高级数据分析师,广州,[天河区],13k-20k,13k-20k 经验3-5年 / 本科,租租车,"旅游,消费生活 / C轮 / 500-2000人",Hadoop,"“海外旅游,免费租车,甲级写字楼,年终奖金”"
94,资深数据分析师-GZ,广州,[冼村],12k-20k,12k-20k 经验1-3年 / 本科,品友互动,"移动互联网,广告营销 / D轮及以上 / 500-2000人",大数据 广告营销 运营 用户增长 数据分析,“高密度优秀人才 扁平 开放 发展空间大”
95,数据分析师,广州,[番禺区],10k-20k,10k-20k 经验3-5年 / 本科,美的集团IT,硬件 / 上市公司 / 2000人以上,商业 数据分析 数据运营 SPSS,"“五险一金,带薪休假,年度旅游,餐费补贴”"
96,数据分析师,广州,[五山],9k-18k,9k-18k 经验1-3年 / 不限,网易,电商 / 上市公司 / 2000人以上,数据分析,“业务前景好 薪资福利优厚 产品技术驱动”
97,数据分析,广州,[番禺区],4k-7k,4k-7k 经验1-3年 / 大专,麒易盒子,"移动互联网,消费生活 / 未融资 / 15-50人",工具软件 新零售 数据库,"“社会保险,年终奖金,绩效奖金,员工旅游”"
98,高级数据分析工程师,广州,[荔湾区],15k-25k,15k-25k 经验3-5年 / 本科,高奈特,"信息安全,数据服务 / 上市公司 / 150-500人",大数据 数据挖掘 数据分析,"“入职买五险,出差额外补,晋升方向多,享绩效年终”"
99,商业数据分析师(011965),广州,[越秀区],10k-15k,10k-15k 经验3-5年 / 本科,屈臣氏中国,消费生活 / 不需要融资 / 2000人以上,新零售 商业 数据分析 数据运营 数据库,"“发展空间大,工作氛围好,精英团队”"
100,经营数据分析,广州,[五山],10k-15k,10k-15k 经验1-3年 / 本科,Tec-Do,"移动互联网,广告营销 / A轮 / 150-500人",项目管理 敏捷 解决方案,"“五险一金,年底双薪,绩效奖金,氛围好”"
101,高级数据分析工程师 (MJ000131),广州,[棠下],17k-34k,17k-34k 经验不限 / 本科,荔枝,社交 / D轮及以上 / 500-2000人,Hive 数据分析,“技术大牛多 领导nice 薪酬福利好”
102,数据分析师,广州,[天河区],14k-18k,14k-18k 经验3-5年 / 本科,珠海市丝域连锁企业管理有限公司,消费生活 / D轮及以上 / 2000人以上,数据分析,“数据分析，市场调研，销售分析”
103,WXG01-111 微信数据分析师（广州）,广州,[客村],15k-30k,15k-30k 经验1-3年 / 本科,腾讯,社交 / 上市公司 / 2000人以上,数据分析,“微信”
104,数据分析经理,广州,[天河区],10k-15k,10k-15k 经验3-5年 / 本科,蜘点网络,"移动互联网,电商 / 未融资 / 500-2000人",电商 可视化 数据分析 数据运营 数据库,"“地铁口，五险一金,带薪年假,股票期权”"
105,数据分析师 （初级）,广州,[越秀区],4k-6k,4k-6k 经验1年以下 / 本科,广东智源,"移动互联网,企业服务 / 不需要融资 / 50-150人",大数据 数据挖掘 数据分析,"“五险一金,绩效奖金,下午茶,旅游”"
106,数据分析师-在线游戏事业部,广州,[天河区],15k-25k,15k-25k 经验3-5年 / 本科,网易,电商 / 上市公司 / 2000人以上,移动互联网 游戏 MySQL 数据处理 数据分析,“大神团队 六险一金 海外旅游 周末双休”
107,数据分析经理,广州,[天河区],10k-15k,10k-15k 经验3-5年 / 本科,蜘点网络,"移动互联网,电商 / 未融资 / 500-2000人",电商 可视化 数据分析 数据运营 数据库,"“地铁口，五险一金,带薪年假,股票期权”"
108,游戏数据分析师,广州,[石牌],10k-20k,10k-20k 经验3-5年 / 本科,广州游爱,"移动互联网,游戏 / 上市公司 / 500-2000人",游戏 数据分析 数据运营 SPSS,“五险一金 带薪年假 包三餐”
109,数据分析员（大数据方向）,广州,[天河区],6k-8k,6k-8k 经验不限 / 本科,赛惟,企业服务 / 不需要融资 / 50-150人,大数据 数据分析,"“扁平管理,发展空间大,绩效奖金,技能培训”"
110,大数据数据分析师,广州,[番禺区],15k-25k,15k-25k 经验5-10年 / 本科,美的集团IT,硬件 / 上市公司 / 2000人以上,数据挖掘,"“六险一金,餐补,节日福利,免费体检”"
111,数据分析高级专员,广州,[员村],10k-15k,10k-15k 经验1-3年 / 本科,维达纸业（中国）有限公司,其他 / 上市公司 / 2000人以上,电商 大数据,“五险一金，带薪年假，节假日福利，双休”
112,数据分析师,广州,[黄埔区],7k-10k,7k-10k 经验不限 / 本科,尚德机构,教育 / 不需要融资 / 2000人以上,教育 大数据 BI 商业 可视化 SPSS,“互联网团队氛围 高薪 培训机会多”
113,大数据分析师,广州,[天河北],15k-30k,15k-30k 经验5-10年 / 本科,江融信,"移动互联网,其他 / B轮 / 150-500人",数据分析 数据处理,“期权分红”
114,数据分析高级专家,广州,[天河区],25k-40k,25k-40k 经验5-10年 / 本科,广发银行信用卡中心,金融 / 不需要融资 / 2000人以上,银行 数据挖掘 数据分析,"“重点项目,金融科技”"
115,数据分析师,广州,[琶洲],7k-14k,7k-14k 经验1-3年 / 本科,地合网,"电商,其他 / B轮 / 50-150人",大数据,“五险一金，周末双休，年度体检，年底双薪”
116,数据分析工程师,广州,[客村],10k-20k,10k-20k 经验不限 / 本科,骑鹅旅行,"旅游,数据服务 / A轮 / 50-150人",大数据 数据挖掘,"“十五天年假,技术大牛,国际化团队,扁平化管理”"
117,游戏数据分析师,广州,[天河区],12k-18k,12k-18k 经验3-5年 / 本科,深海游戏,"游戏,移动互联网 / 未融资 / 150-500人",游戏 移动互联网 数据分析 SQL,"“五险一金,年终双薪,包三餐,全勤奖,双休”"
118,数据分析专员,广州,[新华],5k-6k,5k-6k 经验1-3年 / 不限,广州苑同电子商务,电商 / 不需要融资 / 15-50人,电商 数据分析 数据运营,"“环境好,领导友好,同事好,活动多”"
119,游戏数据分析师,广州,[石牌],8k-15k,8k-15k 经验不限 / 本科,4399游戏,游戏 / 未融资 / 500-2000人,游戏 数据分析,"“五险一金,餐饮补贴,专业培训,年终奖金”"
120,数据分析师,广州,[天河区],15k-30k,15k-30k 经验3-5年 / 本科,网易,电商 / 上市公司 / 2000人以上,游戏 数据库 数据分析 SQL 可视化,“大神团队 六险一金 海外旅游 周末双休”
121,数据分析师,广州,[珠江新城],10k-20k,10k-20k 经验3-5年 / 本科,江融信,"移动互联网,其他 / B轮 / 150-500人",大数据 企业服务 BI 可视化 数据分析 数据运营,“带薪年假，补充医疗，定期团建，帅哥美女”
122,电力数据分析师,广州,[珠江新城],15k-22k,15k-22k 经验1-3年 / 本科,汇电云联,移动互联网 / A轮 / 50-150人,大数据 云计算,"“产品前景佳,技术要求高,晋升空间大”"
123,游戏数据分析师,广州,[海珠区],15k-20k,15k-20k 经验3-5年 / 不限,帝释天,"移动互联网,游戏 / A轮 / 50-150人",游戏 数据分析,"“五险一金,包两餐,年终奖金,旅游”"
124,数据分析专员,广州,[天河区],5k-10k,5k-10k 经验1-3年 / 本科,智悅网络,"移动互联网,电商 / A轮 / 50-150人",数据分析 市场分析 数字营销,"“五险一金,扁平管理,氛围好,晋升空间”"
125,数据分析师（电商建模）,广州,[白云区],10k-15k,10k-15k 经验3-5年 / 大专,广州透真化妆品有限公司,电商 / 未融资 / 150-500人,电商 大数据 数据分析 数据运营 SQL 数据库,“大小周 社保 地铁旁边”
126,数据分析,广州,[桂花岗],7k-8k,7k-8k 经验1年以下 / 本科,百事通,移动互联网 / 上市公司 / 500-2000人,大数据,“专业培训 定期体检 带薪年假 绩效奖金”
127,商业数据分析专家,广州,[市桥],40k-80k,40k-80k 经验不限 / 本科,Bigo,"移动互联网,社交 / 上市公司 / 2000人以上",移动互联网 商业 数据分析 SPSS SQL,"“牛人团队,项目前景,薪资福利,发展空间”"
128,电信业务数据分析工程师,广州,[海珠区],6k-10k,6k-10k 经验1-3年 / 本科,广东亿迅,通讯电子 / 不需要融资 / 2000人以上,移动互联网 信息安全 数据分析,“五险一金 福利好 带薪年假”
129,数据分析师,广州,[天河区],6k-8k,6k-8k 经验1-3年 / 大专,开心教育,教育 / 上市公司 / 150-500人,电商 数据分析 数据运营,“双休、五险一金、棠下”
130,数据分析师,广州,[番禺区],15k-25k,15k-25k 经验3-5年 / 本科,融山科技,金融 / 不需要融资 / 150-500人,大数据 金融 BI 数据分析 数据库 SQL,"“大平台,牛人多,福利好,待遇高，美女多”"
131,数据分析员,广州,[珠江新城],4k-6k,4k-6k 经验1年以下 / 大专,广州文讯,"移动互联网,信息安全 / 不需要融资 / 50-150人",数据分析 SPSS,"“专业培训,弹性工作,五险一金,补充医疗保”"
132,数据分析师,广州,[黄埔区],7k-10k,7k-10k 经验应届毕业生 / 不限,尚德机构,教育 / 不需要融资 / 2000人以上,教育 数据分析 SPSS SQL BI,“互联网团队氛围 高薪 培训机会多”
133,风险数据分析 (MJ001357),广州,[珠江新城],20k-40k,20k-40k 经验3-5年 / 不限,PPmoney互联网金融平台,金融 / 上市公司 / 500-2000人,风控 风险分析,“双休 弹性工作 餐补 五险一金”
134,客户成功数据分析师（深圳）,广州,[岭南],8k-15k,8k-15k 经验3-5年 / 本科,HARB,企业服务 / B轮 / 50-150人,数据分析 数据库 SQL,"“福利好,工作氛围好,弹性工作,扁平管理”"
135,数据分析专员/主管,广州,[海珠区],5k-9k,5k-9k 经验1-3年 / 大专,哲品,"电商,消费生活 / 未融资 / 150-500人",大数据 新零售 产品运营 策略运营,"“五险一金,周末双休,绩效奖金,带薪年假”"
136,数据分析员,广州,[冼村],4k-6k,4k-6k 经验应届毕业生 / 大专,三泰控股集团,金融 / 上市公司 / 2000人以上,数据分析 数据运营,"“五险一金,周末双休,做五休二,朝九晚六”"
137,数据分析师,广州,[珠江新城],18k-25k,18k-25k 经验3-5年 / 本科,中康资讯,"移动互联网,医疗丨健康 / 不需要融资 / 150-500人",数据分析 SQL 数据库,“大健康产业 发展前景大 氛围佳”
138,数据分析师,广州,[番禺区],6k-12k,6k-12k 经验1-3年 / 本科,福禄仓电商,电商 / 不需要融资 / 50-150人,电商 数据分析,"“朝九晚六,双休,五险,下午茶”"
139,资深游戏数据分析师,广州,[棠下],25k-35k,25k-35k 经验3-5年 / 本科,3K游戏,"游戏,移动互联网 / 上市公司 / 150-500人",游戏 数据挖掘 数据分析 算法 数据处理,"“六险一金,包三餐,绩效奖金,海外旅游”"
140,数据分析实习,广州,[广州大道南],2k-4k,2k-4k 经验不限 / 本科,柏视医疗,"医疗丨健康,数据服务 / A轮 / 50-150人",数据分析,"“技术大牛,ai医学,技术分享”"
141,数据分析,广州,[天河区],12k-24k,12k-24k 经验不限 / 本科,网易,电商 / 上市公司 / 2000人以上,SQL 数据运营,“上市公司 三餐补助 发展空间大”
142,游戏数据分析专员,广州,[天河区],10k-20k,10k-20k 经验1-3年 / 大专,益玩游戏,游戏 / B轮 / 150-500人,游戏 数据分析 数据运营,"“六险一金,员工旅游,包餐,成长快”"
143,数据分析师,广州,[棠下],4k-6k,4k-6k 经验不限 / 不限,米娱游戏,"移动互联网,游戏 / 天使轮 / 50-150人",旅游 工具软件 数据分析,"“周末双休,下午茶,团队旅游,定期体检”"
144,数据分析师,广州,[天河区],5k-8k,5k-8k 经验不限 / 本科,广州汇骏,金融 / 不需要融资 / 150-500人,互联网金融 理财 分析师 行业研究 风控,“双休 高薪 弹性工作 盈利分红 国际金融”
145,数据分析师,广州,[越秀区],4k-7k,4k-7k 经验不限 / 大专,广德昌,医疗丨健康 / 未融资 / 150-500人,医疗健康 数据分析,“六险一金”
146,推广与数据分析专员,广州,[客村],4k-8k,4k-8k 经验不限 / 本科,青木科技,电商 / 未融资 / 500-2000人,电商 推广 SEO 网店推广,"“五险一金,带薪年假,绩效奖金,年底双薪”"
147,数据分析助理（市场方向）实习生,广州,[天河区],2k-3k,2k-3k 经验应届毕业生 / 本科,蓝色光标,"广告营销,企业服务 / 上市公司 / 2000人以上",大数据 市场 数据分析,"“周末双休,薪资福利,专业团队,优秀平台”"
148,软件数据分析,广州,[番禺区],5k-10k,5k-10k 经验1-3年 / 大专,辉滕,电商 / 天使轮 / 少于15人,电商 大数据 算法 搜索 数据挖掘 PKI,“发展空间大”
149,数据分析实习（2020届应届生）,广州,[岭南],2k-4k,2k-4k 经验应届毕业生 / 本科,天源迪科,"移动互联网,电商 / 上市公司 / 2000人以上",数据分析,“双休，成长空间大”
150,高级游戏数据分析师,广州,[棠下],15k-30k,15k-30k 经验不限 / 本科,3K游戏,"游戏,移动互联网 / 上市公司 / 150-500人",游戏 大数据,"“六险一金,包三餐,绩效奖金,海外旅游”"
151,游戏数据分析师,广州,[珠江新城],15k-20k,15k-20k 经验不限 / 本科,网易,电商 / 上市公司 / 2000人以上,游戏 数据分析,“平台好 团队氛围好”
152,数据分析专员,广州,[新华],10k-15k,10k-15k 经验1-3年 / 大专,广州市从一到九电子商务有限公司,电商 / 未融资 / 150-500人,电商 数据分析 数据运营 SPSS SQL,“五险一金 年终奖金 绩效奖金 餐饮补贴”
153,数据分析专员,广州,[黄村],5k-7k,5k-7k 经验1-3年 / 大专,中联利拓,"金融,其他 / 不需要融资 / 50-150人",数据库 SQL SPSS 数据分析,“发展前景好 工作氛围好 交通便利”
154,产品经理（数据分析）,广州,[天河区],20k-35k,20k-35k 经验3-5年 / 本科,佳都科技,"移动互联网,数据服务 / 上市公司 / 2000人以上",数据分析 产品设计 产品策划 需求分析,“上市公司+有竞争力的薪资待遇+股权激励”
155,数据分析专员,广州,[白云大道],4k-8k,4k-8k 经验1-3年 / 大专,伊羽霓贸易公司,电商 / 未融资 / 15-50人,大数据 电商 数据分析 数据运营,“五险、餐补、培训、奖金”
156,金融数据分析师,广州,[天河区],3k-5k,3k-5k 经验不限 / 大专,广州汇骏,金融 / 不需要融资 / 150-500人,电商 外汇 理财顾问,“股票 金融 期货 销售 实习生 双休”
157,数据分析实习生岗位,广州,[天河区],2k-3k,2k-3k 经验应届毕业生 / 本科,BW,"企业服务,数据服务 / 未融资 / 15-50人",汽车 大数据 数据运营 数据分析,"“气氛好,有潜力,学习机会多,人性化”"
158,BI数据分析师,广州,[黄埔区],12k-16k,12k-16k 经验3-5年 / 本科,腾宇电力,物联网、软件开发 / 不需要融资 / 150-500人,互联网金融 Hadoop 数据仓库 数据分析 Oracle,“五险一金+双休+餐补+节日福利等等”
159,产品运营（数据分析方向）,广州,[天河公园],8k-12k,8k-12k 经验1-3年 / 大专,三七互娱,游戏 / 上市公司 / 2000人以上,游戏运营 产品运营 数据分析,"“新增岗位,空间大”"
160,bi数据分析师,广州,[珠江新城],8k-16k,8k-16k 经验1-3年 / 本科,祥云大健康,移动互联网 / 未融资 / 15-50人,移动互联网 大数据,“不加班 不加班 朝九晚六 项目分红等”
161,财务经理 （运营数据分析方向）,广州,[天河区],15k-25k,15k-25k 经验5-10年 / 本科,亚美,移动互联网 / 不需要融资 / 500-2000人,电商 财务 分析,“六险一金 年终奖 13薪 年度旅游”
162,开心斗 - 产品经理（数据分析方向）,广州,[番禺区],15k-30k,15k-30k 经验1-3年 / 本科,欢聚时代（YY Inc）,文娱丨内容 / 上市公司 / 2000人以上,大数据 数据分析,"“平台大,福利多”"
163,bi数据分析师,广州,[珠江新城],8k-16k,8k-16k 经验1-3年 / 大专,医睦科技,"移动互联网,医疗丨健康 / D轮及以上 / 50-150人",MySQL Oracle,“周末双休 入职体检”
164,渠道运营专员（数据分析方向）,广州,[岗顶],6k-10k,6k-10k 经验1-3年 / 本科,火烈鸟网络,"移动互联网,游戏 / B轮 / 150-500人",游戏 游戏运营,"“包吃三餐,牛人带教,晋升空间大,周末双休”"
165,大数据分析工程师（广州）,广州,[滨江],10k-20k,10k-20k 经验3-5年 / 不限,美亚柏科,"信息安全,数据服务 / 上市公司 / 2000人以上",Java NLP,“五险一金 每年多次调薪”
166,数据库工程师（电力数据分析）,广州,[太和],15k-22k,15k-22k 经验3-5年 / 本科,白云电气,企业服务 / 不需要融资 / 2000人以上,MySQL 数据分析,“大数据平台”
167,安卓逆向数据分析,广州,[机场路],8k-16k,8k-16k 经验应届毕业生 / 不限,广州雪兔信息科技有限公司,移动互联网 / 不需要融资 / 15-50人,工具软件 信息安全 增长黑客 数据分析,“前景不错”
168,游戏运营数据分析助理,广州,[棠下],5k-8k,5k-8k 经验应届毕业生 / 本科,游雁游戏,游戏 / 未融资 / 150-500人,运营,“五险一金”
169,企业大数据分析专家,广州,[番禺区],30k-40k,30k-40k 经验5-10年 / 本科,美的集团IT,硬件 / 上市公司 / 2000人以上,移动互联网 大数据 市场分析 数据分析 产销协调,"“六险一金,餐补,节日福利,免费健身房”"
170,蓝月亮营运专员(数据分析推动),广州,[南岗],5k-8k,5k-8k 经验应届毕业生 / 本科,蓝月亮,消费生活 / 不需要融资 / 2000人以上,数据分析,“发展前景大，成长快，包住宿，免费上下班车”
171,CRM高级商业用户数据分析专员,广州,[珠江新城],8k-15k,8k-15k 经验3-5年 / 本科,蓝色光标欧泰谱,"数据服务,企业服务 / 不需要融资 / 150-500人",广告营销 电商 市场竞争分析 市场分析 消费者分析 营销策略,"“平台大,发展前景好,福利完善”"
172,数据挖掘工程师（数据分析师）,广州,[天河区],8k-15k,8k-15k 经验3-5年 / 不限,BW,"企业服务,数据服务 / 未融资 / 15-50人",企业服务 大数据 数据挖掘 数据分析 算法 数据处理,"“气氛好,有潜力,学习机会多,人性化”"
173,市场研究员（数据分析师）,广州,[番禺区],5k-9k,5k-9k 经验1-3年 / 本科,汉兴科技,"移动互联网,企业服务 / 天使轮 / 少于15人",电商 新零售 数据分析 市场分析 市场竞争分析,"“优秀团队,氛围好,绩效奖金，住宿”"
174,工业大数据分析专家,广州,[番禺区],30k-40k,30k-40k 经验5-10年 / 本科,美的集团IT,硬件 / 上市公司 / 2000人以上,大数据 移动互联网 人工智能 建模 算法 数据挖掘,"“六险一金,餐补,节日福利,免费健身房”"
175,IOT大数据分析专家,广州,[番禺区],30k-40k,30k-40k 经验5-10年 / 本科,美的集团IT,硬件 / 上市公司 / 2000人以上,大数据 移动互联网 BI 数据分析,"“六险一金,餐补,节日福利,免费健身房”"
176,大数据分析工程师,广州,[天河区],13k-22k,13k-22k 经验3-5年 / 本科,租租车,"旅游,消费生活 / C轮 / 500-2000人",ETL Hadoop,"“周末双休,海外旅游,带薪年假,年终奖金”"
