,标题,城市,公司地点,薪资待遇,工位要求,公司名称,公司级别,岗位技能,公司短评
0,数据分析,杭州,[西湖区],10k-15k,10k-15k 经验1-3年 / 本科,婚礼纪,消费生活 / D轮及以上 / 500-2000人,MySQL,“六险一金、年终奖、发展空间大”
1,数据分析,杭州,[西湖区],10k-16k,10k-16k 经验1-3年 / 本科,微店,电商 / C轮 / 500-2000人,电商 SQL,“独立负责 奖金期权多 福利好”
2,资深数据分析师,杭州,[西湖区],18k-32k,18k-32k 经验3-5年 / 本科,有赞,电商 / 上市公司 / 2000人以上,电商 Hive 数据分析 MySQL,“发展空间大、福利待遇好”
3,数据分析师（消费品行业）,杭州,[仓前],6k-10k,6k-10k 经验1-3年 / 不限,polosport服饰,"数据服务,移动互联网 / 不需要融资 / 50-150人",电商 数据分析 数据运营 SPSS 商业,“五险一金 带薪年假 餐补 扁平化组织”
4,数据分析高级专家,杭州,[拱墅区],20k-30k,20k-30k 经验3-5年 / 本科,大箴（杭州）科技有限公司,"电商,金融 / 不需要融资 / 50-150人",大数据 云计算,“高薪 高成长 轻松的工作氛围”
5,数据分析,杭州,[滨江区],9k-18k,9k-18k 经验1-3年 / 本科,霖梓控股,"移动互联网,金融 / B轮 / 150-500人",电商 金融,"“双休,节假日福利,弹性工作,五险一金”"
6,数据分析,杭州,[西溪],12k-17k,12k-17k 经验3-5年 / 本科,信用管家,"移动互联网,金融 / 不需要融资 / 150-500人",SQL SPSS,"“餐补,双休,五险一金”"
7,大数据分析师,杭州,[西溪],15k-30k,15k-30k 经验3-5年 / 不限,爱财集团,金融 / C轮 / 500-2000人,商业 数据分析,“周末双休 五险一金 大平台 餐补”
8,数据分析师,杭州,[西湖区],10k-15k,10k-15k 经验3-5年 / 本科,淘粉吧,"移动互联网,电商 / 上市公司 / 150-500人",电商 BI 数据分析 SQL,“福利多多 ， 优秀团队”
9,数据分析师,杭州,[三墩],8k-16k,8k-16k 经验不限 / 本科,创邻科技,"企业服务,数据服务 / A轮 / 15-50人",社交 大数据 数据分析 数据库 SQL 数据运营,"“自主性强,灵活工作时,氛围好，前景佳”"
10,数据分析师,杭州,[西兴],15k-25k,15k-25k 经验3-5年 / 本科,光云科技,"电商,数据服务 / 不需要融资 / 500-2000人",电商 广告营销 数据分析,"“弹性时间,六险一金,股票期权,年度旅游”"
11,数据分析师（短视频类产品）,杭州,[天目山路],12k-24k,12k-24k 经验1-3年 / 本科,小影APP,"移动互联网,文娱丨内容 / B轮 / 150-500人",移动互联网 工具软件 可视化 数据库 数据运营 数据分析,“团队开放 出海之王 福利完善 结果导向”
12,数据分析（BI方向）,杭州,[彭埠],8k-10k,8k-10k 经验1-3年 / 本科,盈富斯,电商 / C轮 / 150-500人,电商 移动互联网 数据分析 行业分析 市场分析 商业策划,“妹子多 C轮融资 海归大神 下午茶”
13,数据分析师,杭州,[西湖区],8k-12k,8k-12k 经验1-3年 / 本科,森马电商,"移动互联网,电商 / 上市公司 / 500-2000人",商业 数据分析,“双休 五险一金 假期长 扁平化管理”
14,数据分析师,杭州,[仓前],15k-30k,15k-30k 经验1-3年 / 本科,数美,"企业服务,数据服务 / B轮 / 150-500人",大数据 数据挖掘 数据分析,"“大牛如云,飞速发展,海量数据,海量数据”"
15,数据分析师,杭州,[西兴],15k-25k,15k-25k 经验3-5年 / 本科,霖梓控股,"移动互联网,金融 / B轮 / 150-500人",移动互联网 数据分析,“双休 团队融洽 帅哥美女”
16,数据分析师,杭州,[西溪],10k-15k,10k-15k 经验1-3年 / 本科,婚礼纪,消费生活 / D轮及以上 / 500-2000人,广告营销 数据分析 数据库,“五险一金，双休，带薪年假，年终奖”
17,数据分析师（商业化变现）,杭州,[天目山路],12k-24k,12k-24k 经验1-3年 / 本科,小影APP,"移动互联网,文娱丨内容 / B轮 / 150-500人",工具软件 移动互联网 数据分析 算法 数据挖掘,“团队开放 出海之王 福利完善 结果导向”
18,数据分析师,杭州,[西溪],8k-15k,8k-15k 经验不限 / 本科,功夫贷,"移动互联网,金融 / A轮 / 150-500人",数据分析,“成长空间大”
19,数据分析师/数据挖掘,杭州,[余杭区],20k-40k,20k-40k 经验不限 / 本科,同花顺,"金融,电商 / 上市公司 / 2000人以上",移动互联网 工具软件 数据分析,“海量数据、用户画像、业务数据驱动”
20,数据分析师,杭州,[长河],12k-18k,12k-18k 经验3-5年 / 本科,启明星辰,信息安全 / 上市公司 / 500-2000人,数据分析 数据运营 数据库,“七险一金 信息安全行业领航者”
21,数据分析师（咨询部）,杭州,[古墩路],10k-15k,10k-15k 经验不限 / 不限,个推,移动互联网 / 上市公司 / 500-2000人,大数据 软件开发,“16-18薪，生日Par，餐补”
22,数据分析师,杭州,[湖墅南路],15k-20k,15k-20k 经验3-5年 / 本科,汇信科技,"移动互联网,电商 / 未融资 / 150-500人",大数据 企业服务 数据分析,“自主的工作，一流的福利”
23,数据分析师,杭州,[拱墅区],15k-22k,15k-22k 经验3-5年 / 本科,浙江执御信息技术有限公司,"移动互联网,数据服务 / C轮 / 2000人以上",电商 数据分析 SQL 数据库,“五险一金全额缴纳，跨境电商出口。”
24,数据分析专家,杭州,[拱墅区],10k-20k,10k-20k 经验3-5年 / 本科,大希地,电商 / B轮 / 150-500人,电商 直播 数据分析 网站分析 市场 效果跟踪,“扁平管理 五险一金”
25,数据分析师,杭州,[西溪],11k-22k,11k-22k 经验1-3年 / 本科,51信用卡管家,金融 / 上市公司 / 500-2000人,商业 BI 数据分析 SQL,“福利待遇、发展前景、上市公司、定期团建等”
26,数据分析,杭州,[西溪],12k-20k,12k-20k 经验3-5年 / 本科,红花朵朵,"移动互联网,教育 / A轮 / 50-150人",数据仓库 数据架构,“快速成长，行业独角兽”
27,数据分析,杭州,[仓前],10k-20k,10k-20k 经验3-5年 / 本科,电视淘宝,电商 / 不需要融资 / 50-150人,电商 BI,“六险一金 带薪年假”
28,数据分析师,杭州,[余杭区],8k-10k,8k-10k 经验1-3年 / 本科,遥望网络,"移动互联网,游戏 / 上市公司 / 150-500人",大数据 BI 数据分析 数据运营,“上市公司 福利好 BI 电商行业”
29,数据分析师,杭州,[下沙],10k-15k,10k-15k 经验3-5年 / 本科,嘿豆商城,"移动互联网,电商 / 未融资 / 150-500人",电商 数据分析,“五险一金，餐补”
30,数据分析师,杭州,[滨江区],10k-15k,10k-15k 经验3-5年 / 本科,霖梓控股,"移动互联网,金融 / B轮 / 150-500人",数据分析 SQL,"“福利多多,弹性工作,晋升发展,五险一金”"
31,数据分析师,杭州,[西溪],8k-14k,8k-14k 经验1-3年 / 本科,婚礼纪,消费生活 / D轮及以上 / 500-2000人,电商,"“大平台,学习空间大,年终奖”"
32,数据分析师,杭州,[西溪],12k-24k,12k-24k 经验1-3年 / 本科,个推,移动互联网 / 上市公司 / 500-2000人,大数据,“16-18薪”
33,数据分析师,杭州,[仓前],12k-24k,12k-24k 经验3-5年 / 本科,观远数据,"企业服务,数据服务 / A轮 / 50-150人",大数据 金融 BI 数据分析,"“成长空间,牛人团队,独挡一面,期权激励”"
34,数据分析师,杭州,[建设一路],4k-6k,4k-6k 经验不限 / 大专,格上出行,"移动互联网,企业服务 / 不需要融资 / 500-2000人",数据分析,“周末双休 五险一金 加班补助 员工旅游”
35,数据分析师（BI）,杭州,[古荡],8k-15k,8k-15k 经验1-3年 / 本科,Club Factory,"电商,移动互联网 / C轮 / 150-500人",电商 BI 数据分析,"“精英团队,发展空间,海量数据”"
36,00680-数据分析,杭州,[建设二路],15k-30k,15k-30k 经验3-5年 / 不限,云集,"电商,移动互联网 / 上市公司 / 500-2000人",电商 数据分析 数据挖掘,“发展前景好”
37,数据分析师-企业SaaS应用,杭州,[余杭区],20k-40k,20k-40k 经验3-5年 / 本科,字节跳动,文娱丨内容 / C轮 / 2000人以上,数据分析,“六险一金，弹性工作，免费三餐，租房补贴”
38,数据分析师,杭州,[拱墅区],8k-15k,8k-15k 经验1-3年 / 本科,凡声科技,"移动互联网,金融 / B轮 / 150-500人",保险 互联网金融 数据库 SQL 数据分析,“五险一金 弹性工作时间”
39,数据分析,杭州,[西溪],6k-8k,6k-8k 经验1-3年 / 大专,华苏科技,"移动互联网,企业服务 / 上市公司 / 2000人以上",移动互联网,“双休，不加班”
40,数据分析师,杭州,[文三路],8k-15k,8k-15k 经验1-3年 / 本科,保险师 · 微易信息科技,"移动互联网,金融 / B轮 / 150-500人",数据分析,"“提升空间大,六险一金,周末双休,弹性时间”"
41,数据分析师（杭州）,杭州,[江干区],18k-25k,18k-25k 经验3-5年 / 本科,台州银行,金融 / 不需要融资 / 2000人以上,金融 Hadoop Hive 数据挖掘 数据分析,"“福利待遇好,工作氛围好,晋升空间大”"
42,DataAnalyst数据分析,杭州,[西湖区],15k-20k,15k-20k 经验5-10年 / 本科,美国道富,金融 / 上市公司 / 2000人以上,分析师,“国际化办公环境，年假多，福利全面”
43,资深数据分析,杭州,[西湖区],15k-25k,15k-25k 经验3-5年 / 本科,亲宝宝,社交 / C轮 / 150-500人,大数据 数据挖掘 数据分析,"“B轮机会,年底多薪,免费体检,扁平管理”"
44,数据分析工程师,杭州,[西兴],13k-20k,13k-20k 经验1-3年 / 本科,安恒信息,"信息安全,数据服务 / D轮及以上 / 500-2000人",信息安全,“五险一金 带薪年假 国内外旅游”
45,数据分析师,杭州,[西湖],25k-40k,25k-40k 经验3-5年 / 本科,威斯科技,移动互联网 / 未融资 / 50-150人,新零售 电商 数据分析 商业,“公司发展前景广，空间大，兼CTO助理”
46,数据分析师,杭州,[西兴],15k-25k,15k-25k 经验3-5年 / 本科,国铁吉讯科技有限公司,移动互联网 / 不需要融资 / 150-500人,数据分析,"“五险一金,绩效奖金,带薪年假,岗位晋升”"
47,资深数据分析,杭州,[余杭区],20k-35k,20k-35k 经验3-5年 / 本科,青团社,"移动互联网,企业服务 / B轮 / 150-500人",数据分析 运营,“扁平管理 五险一金”
48,数据分析工程师,杭州,[下城区],20k-30k,20k-30k 经验3-5年 / 不限,浮云网络,"游戏,移动互联网 / 上市公司 / 150-500人",游戏 数据分析 数据挖掘,“空间大 发展好 老板nice 奖金多”
49,资深数据分析师,杭州,[滨江区],15k-30k,15k-30k 经验5-10年 / 本科,霖梓控股,"移动互联网,金融 / B轮 / 150-500人",互联网金融 MySQL 数据分析,"“福利多多,职位晋升,五险一金,周末双休”"
50,数据分析经理,杭州,[滨江区],15k-25k,15k-25k 经验不限 / 本科,字节跳动,文娱丨内容 / C轮 / 2000人以上,数据分析,“六险一金，餐补，租房补贴，带薪休假”
51,数据分析专家（商业）,杭州,[拱墅区],20k-30k,20k-30k 经验5-10年 / 本科,浙江执御信息技术有限公司,"移动互联网,数据服务 / C轮 / 2000人以上",数据分析,“晋升 跟踪培养 六险一金 带薪年假”
52,资深数据分析师,杭州,[拱墅区],19k-28k,19k-28k 经验3-5年 / 本科,酷家乐,房产家居 / D轮及以上 / 500-2000人,Hive 数据分析,"“弹性工作,五险一金,扁平管理”"
53,数据分析师G00130,杭州,[建设二路],7k-14k,7k-14k 经验3-5年 / 本科,云集,"电商,移动互联网 / 上市公司 / 500-2000人",电商,“股票期权、奖金丰厚、工作氛围好”
54,数据分析实习生（大三，急）,杭州,[滨江区],2k-4k,2k-4k 经验1年以下 / 本科,仟金顶,电商 / B轮 / 150-500人,大数据,“提供一对一辅导”
55,数据分析师-杭州-00400,杭州,[余杭区],10k-20k,10k-20k 经验3-5年 / 本科,同盾科技,"信息安全,数据服务 / C轮 / 500-2000人",大数据 数据挖掘 数据分析,“大数据、人工智能、机器学习”
56,高级数据分析师,杭州,[西湖区],15k-30k,15k-30k 经验3-5年 / 本科,海拍客,电商 / C轮 / 500-2000人,大数据 BI 可视化 数据分析,"“股票期权,晋升空间大,扁平化管理,工作氛围好”"
57,数据分析专家,杭州,[拱墅区],25k-40k,25k-40k 经验5-10年 / 本科,接力棒,"移动互联网,消费生活 / 未融资 / 50-150人",大数据 教育,“领导NICE”
58,数据分析总监,杭州,[西溪],40k-50k,40k-50k 经验5-10年 / 本科,多准大数据,"数据服务,广告营销 / A轮 / 50-150人",大数据 电商 数据分析,“缴纳五险一金，带薪年假，出国旅游，培训”
59,数据分析专家,杭州,[古荡],35k-50k,35k-50k 经验5-10年 / 本科,蚂蚁金服集团,"金融,移动互联网 / B轮 / 2000人以上",互联网金融,“蚂蚁金服”
60,资深数据分析师,杭州,[拱墅区],16k-25k,16k-25k 经验3-5年 / 不限,浙江执御信息技术有限公司,"移动互联网,数据服务 / C轮 / 2000人以上",电商 Hive MySQL 数据分析 数据架构,“晋升 跟踪培养 六险一金 带薪年假”
61,数据分析专家,杭州,[西湖区],25k-50k,25k-50k 经验5-10年 / 本科,多准大数据,"数据服务,广告营销 / A轮 / 50-150人",电商 广告营销 营销策略 消费者分析 市场分析 数据分析,“六险一金、境内外旅游、带薪年假、培训发展”
62,数据分析专家,杭州,[滨江区],18k-25k,18k-25k 经验5-10年 / 本科,丁香园,"医疗丨健康,企业服务 / D轮及以上 / 500-2000人",数据分析,“发展前景”
63,数据分析经理,杭州,[西湖区],25k-50k,25k-50k 经验5-10年 / 本科,vivo,硬件 / 未融资 / 2000人以上,移动互联网,"“股票期权,千万级用户,试用期全薪”"
64,高级数据分析师,杭州,[西湖],20k-30k,20k-30k 经验3-5年 / 大专,微拍堂,移动互联网 / A轮 / 150-500人,数据分析 MySQL 数据处理,"“六险一金,餐饮补贴,双休,出国旅游”"
65,数据分析专员,杭州,[古墩路],6k-9k,6k-9k 经验3-5年 / 大专,江南布衣,"电商,消费生活 / 上市公司 / 2000人以上",数据分析 SPSS SQL 数据库,“上市公司”
66,资深数据分析师 (MJ000088),杭州,[西湖区],15k-25k,15k-25k 经验3-5年 / 本科,政采云,电子商务 / 不需要融资 / 150-500人,数据分析,“福利待遇佳，职位前景好”
67,00037-资深数据分析师/数据分析专家,杭州,[萧山区],20k-40k,20k-40k 经验5-10年 / 本科,云集,"电商,移动互联网 / 上市公司 / 500-2000人",电商 Hive MySQL Spark 数据分析,"“股票期权,发展空间”"
68,资深数据分析师,杭州,[西溪],18k-36k,18k-36k 经验3-5年 / 本科,天壤智能,"移动互联网,企业服务 / A轮 / 50-150人",数据分析 数据处理,“五险一金，领导nice，定期体检，餐补”
69,数据分析工程师,杭州,[西兴],15k-25k,15k-25k 经验3-5年 / 本科,国铁吉讯科技有限公司,移动互联网 / 不需要融资 / 150-500人,数据挖掘 数据分析,"“五险一金,绩效奖金,带薪年假,岗位晋升”"
70,资深数据分析师,杭州,[下城区],20k-35k,20k-35k 经验3-5年 / 本科,中国婚博会,其他 / 不需要融资 / 500-2000人,电商 数据挖掘 数据分析,"“周末双休,五险一金,弹性工作”"
71,高级数据分析师,杭州,[滨江区],15k-20k,15k-20k 经验3-5年 / 本科,霖梓控股,"移动互联网,金融 / B轮 / 150-500人",互联网金融 SQL 数据分析,“周末双休、晋升发展、五险一金、弹性工作”
72,数据分析专家（智能化）,杭州,[萧山区],13k-25k,13k-25k 经验3-5年 / 本科,传化智联,物流丨运输 / 上市公司 / 2000人以上,物流 数据分析 数据运营 BI 可视化,"“弹性工作,股票期权,技术驱动,专业培训”"
73,数据分析专家,杭州,[古荡],25k-35k,25k-35k 经验5-10年 / 本科,Club Factory,"电商,移动互联网 / C轮 / 150-500人",电商 BI 数据分析,"“发展空间,导师型老板”"
74,资深数据分析师-杭州-00544,杭州,[西湖区],15k-30k,15k-30k 经验3-5年 / 本科,年糕妈妈,"移动互联网,电商 / B轮 / 150-500人",电商 教育 数据分析,“六险一金 大牛多”
75,资深数据分析师,杭州,[西湖区],15k-25k,15k-25k 经验3-5年 / 本科,多准大数据,"数据服务,广告营销 / A轮 / 50-150人",电商 广告营销 市场分析 消费者分析 营销策略 数据分析,“六险一金、境内外旅游、带薪年假、培训发展”
76,资深数据分析/数据分析专家G00796,杭州,[建设二路],20k-40k,20k-40k 经验3-5年 / 不限,云集,"电商,移动互联网 / 上市公司 / 500-2000人",大数据 电商 数据分析 MySQL,“上市公司”
77,数据分析师（BI）,杭州,[余杭区],18k-25k,18k-25k 经验3-5年 / 大专,惠每云科技,医疗丨健康 / B轮 / 50-150人,BI 数据分析,"“都是大牛,弹性制,跨国旅游”"
78,高级数据分析师-数据运营,杭州,[西溪],15k-25k,15k-25k 经验3-5年 / 本科,信用管家,"移动互联网,金融 / 不需要融资 / 150-500人",数据分析,“五险一金 双休 餐补 交通补”
79,资深数据分析师,杭州,[长河],20k-40k,20k-40k 经验3-5年 / 本科,网易,电商 / 上市公司 / 2000人以上,BI SQL,"“培训发展,团队氛围,薪酬福利”"
80,资深数据分析师,杭州,[滨江区],15k-25k,15k-25k 经验3-5年 / 本科,古茗茶饮,消费生活 / 未融资 / 150-500人,数据挖掘 数据分析 搜索,“专业培训 员工旅游 老板nice”
81,资深数据分析顾问-01508,杭州,[仓前],10k-20k,10k-20k 经验3-5年 / 本科,同盾科技,"信息安全,数据服务 / C轮 / 500-2000人",数据分析,“五险一金、绩效奖金、带薪年假、行业前沿”
82,数据分析专家,杭州,[西湖区],20k-35k,20k-35k 经验5-10年 / 本科,滴滴,汽车丨出行 / 不需要融资 / 2000人以上,策略运营 数据分析,“大平台”
83,资深数据分析师 （3年以上偏业务方向的BI经验）,杭州,[文三路],13k-25k,13k-25k 经验3-5年 / 本科,保险师 · 微易信息科技,"移动互联网,金融 / B轮 / 150-500人",数据分析,"“上升空间大,周末双休,六险一金,弹性时间”"
84,高级数据分析工程师,杭州,[天水],18k-36k,18k-36k 经验3-5年 / 本科,云栖城市大脑科技,"移动互联网,人工智能 / 不需要融资 / 50-150人",数据挖掘 Java Hive SQLServer,“国企、项目前景好、工作氛围好”
85,高级数据分析师,杭州,[古荡],20k-30k,20k-30k 经验3-5年 / 本科,Club Factory,"电商,移动互联网 / C轮 / 150-500人",电商 BI 数据分析,"“发展空间,导师型老板”"
86,高级数据分析师,杭州,[下沙],20k-30k,20k-30k 经验3-5年 / 本科,嘿豆商城,"移动互联网,电商 / 未融资 / 150-500人",电商 数据分析 数据挖掘,“七险一金 免费午餐 发展空间大”
87,ECD-高级数据分析师,杭州,[西兴],15k-25k,15k-25k 经验3-5年 / 本科,丁香园,"医疗丨健康,企业服务 / D轮及以上 / 500-2000人",医疗健康 移动互联网 数据挖掘 数据分析 数据仓库,“互联网医疗，不打卡，额外福利假”
88,数据分析师（保险）13-01-19,杭州,[余杭区],18k-30k,18k-30k 经验3-5年 / 本科,大搜车,汽车丨出行 / D轮及以上 / 2000人以上,MySQL 数据挖掘,“餐补，带薪年假，节日礼品，定期体检”
89,数据分析师实习生-杭州 (MJ001116),杭州,[西湖],2k-4k,2k-4k 经验应届毕业生 / 本科,挖财,工具 / D轮及以上 / 500-2000人,数据分析,“公司平台大牛云集”
90,数据分析专家-杭州-00960,杭州,[仓前],15k-30k,15k-30k 经验3-5年 / 硕士,同盾科技,"信息安全,数据服务 / C轮 / 500-2000人",大数据 数据分析,"“团队氛围好,数据”"
91,高级数据分析师,杭州,[文三路],15k-30k,15k-30k 经验5-10年 / 本科,保险师 · 微易信息科技,"移动互联网,金融 / B轮 / 150-500人",数据分析,"“五险一金,年度体检,带薪年假,员工旅游”"
92,高级/资深药学数据分析师（Insight）,杭州,[滨江区],10k-20k,10k-20k 经验不限 / 不限,丁香园,"医疗丨健康,企业服务 / D轮及以上 / 500-2000人",医疗健康 企业服务,“发展空间大”
93,数据分析专家/负责人,杭州,[西溪],30k-50k,30k-50k 经验5-10年 / 本科,贴近Closer,"移动互联网,文娱丨内容 / 不需要融资 / 50-150人",电商 大数据 数据分析 数据处理 算法,“股票期权，五险一金，优秀同事，前景可期”
94,电商数据分析,杭州,[西兴],10k-15k,10k-15k 经验1-3年 / 本科,霖梓控股,"移动互联网,金融 / B轮 / 150-500人",电商 数据分析,“入职交五险一金。晋升空间大”
95,数据分析师,杭州,[西溪],15k-26k,15k-26k 经验3-5年 / 本科,星奈吉,电商 / C轮 / 150-500人,数据分析,“16-18薪，每月400餐补，包晚餐”
96,市场专员兼数据分析师,杭州,[滨江区],6k-8k,6k-8k 经验3-5年 / 大专,杭州光奇犇乐电子商务有限公司,电商 / 不需要融资 / 15-50人,数据分析 行业分析,"“双休不加班,午间小游戏,超活跃氛围”"
97,数据分析师,杭州,[西湖区],5k-8k,5k-8k 经验1-3年 / 本科,追灿科技,"企业服务,数据服务 / 未融资 / 15-50人",企业服务 大数据 SQL 数据库 数据分析,“五险一金、广阔发展空间、年终奖”
98,IT数据分析专员,杭州,[白杨],6k-8k,6k-8k 经验1-3年 / 本科,杭州悠可,电商 / 上市公司 / 500-2000人,电商 数据分析 数据处理 MySQL SQLServer,“13薪 早9晚6 一年2次晋升机会”
99,数据分析师,杭州,[长河],10k-20k,10k-20k 经验3-5年 / 本科,国誉信睿,企业服务 / 未融资 / 15-50人,数据挖掘 数据分析,"“五险一金,周末双休,扁平管理,机会大”"
100,数据分析师,杭州,[仓前],15k-25k,15k-25k 经验3-5年 / 不限,中巴虹安,"电商,金融 / 天使轮 / 15-50人",移动互联网 电商 商业 数据分析 数据运营 数据库,“五险一金 驻外补贴 创业团队 公司前景好”
101,数据分析师（美妆行业）,杭州,[黄龙],10k-13k,10k-13k 经验3-5年 / 大专,美丽谷,电商 / 未融资 / 500-2000人,数据分析,“双休 年假 年终奖 年度旅游”
102,财务数据分析师,杭州,[西兴],10k-20k,10k-20k 经验3-5年 / 本科,顺联动力,"移动互联网,电商 / 不需要融资 / 150-500人",电商 财务 资产/项目评估 分析 风控,“发展前景”
103,商业数据分析师(J190402018),杭州,[余杭区],35k-45k,35k-45k 经验5-10年 / 本科,滴滴,汽车丨出行 / 不需要融资 / 2000人以上,滴滴,“商业分析、BI”
104,数据分析师（2020届）,杭州,[上城区],3k-5k,3k-5k 经验应届毕业生 / 本科,鼎捷软件,其他 / 上市公司 / 2000人以上,数据分析,“五险一金 上市公司 奖金丰厚”
105,电商数据分析师,杭州,[西兴],10k-15k,10k-15k 经验3-5年 / 本科,霖梓控股,"移动互联网,金融 / B轮 / 150-500人",电商 用户运营 数据分析,"“周末双休,福利好”"
106,医药数据分析,杭州,[仓前],15k-30k,15k-30k 经验1-3年 / 本科,康策网络,"移动互联网,医疗丨健康 / 不需要融资 / 150-500人",大数据 医疗健康,"“朝九晚五,五险一金,期权”"
107,资深数据分析师03-06-153,杭州,[余杭区],15k-25k,15k-25k 经验3-5年 / 本科,大搜车,汽车丨出行 / D轮及以上 / 2000人以上,SQL SPSS 数据分析 商业,"“E轮融资,晋升空间大,扁平化管理”"
108,数据分析师,杭州,[江干区],6k-10k,6k-10k 经验3-5年 / 大专,力方力合（杭州）体育用品有限公司,"其他,消费生活 / 不需要融资 / 15-50人",体育 数据分析,“周末双休 入职五险公积金年底13-14薪”
109,数据分析产品经理,杭州,[翠苑],20k-40k,20k-40k 经验3-5年 / 大专,广通软件,"移动互联网,数据服务 / 上市公司 / 150-500人",大数据 数据分析 数据,"“研发氛围好,平台棒,领导好”"
110,商品数据分析,杭州,[西兴],8k-10k,8k-10k 经验1-3年 / 大专,云豆科技,"移动互联网,电商 / B轮 / 150-500人",数据分析 效果跟踪 跨境电商,“扁平化管理、期权股权、弹性工作制”
111,数据分析专家,杭州,[浦沿],55k-80k,55k-80k 经验5-10年 / 本科,顾德智能,"企业服务,金融 / 未融资 / 15-50人",大数据 电商,“互联网大厂”
112,数据分析专家（营销分析）,杭州,[浦沿],50k-70k,50k-70k 经验5-10年 / 不限,瀚亚资本,金融 / 不需要融资 / 2000人以上,数据挖掘 数据仓库 数据分析 数据架构,“薪酬和空间发展”
113,数据分析实习生 (MJ000087),杭州,[西湖区],3k-4k,3k-4k 经验应届毕业生 / 本科,袋鼠云,数据服务 / A轮 / 150-500人,工具软件 大数据,“阿里系创业、云计算生态、餐补、双休”
114,数据分析师,杭州,[长河],8k-16k,8k-16k 经验不限 / 本科,瑞勤数据,"金融,数据服务 / 未融资 / 15-50人",大数据 金融 数据分析,"“12天年假,六险一金,技能培训,数据服务”"
115,数据分析师,杭州,[古荡],8k-15k,8k-15k 经验应届毕业生 / 硕士,Club Factory,"电商,移动互联网 / C轮 / 150-500人",电商,"“弹性工作,周末双休”"
116,数据分析工程师,杭州,[拱墅区],20k-40k,20k-40k 经验不限 / 本科,新浪微博,文娱丨内容 / 上市公司 / 2000人以上,数据分析 数据库,“机器学习、核心业务”
117,数据分析师,杭州,[西溪],10k-13k,10k-13k 经验1-3年 / 本科,杭州众数信息技术有限公司,数据服务 / 不需要融资 / 15-50人,企业服务 可视化 数据分析 数据库,“发展潜力，结合业务，项目制”
118,资深数据分析师/数据分析专家,杭州,[江干区],20k-35k,20k-35k 经验3-5年 / 本科,贝贝网,电商 / D轮及以上 / 500-2000人,数据分析 Hive,"“业务量大,施展空间大,团队氛围好,魅力老大”"
119,助理数据分析师,杭州,[湖墅南路],3k-5k,3k-5k 经验1年以下 / 本科,盛锋咨询,数据服务 / 未融资 / 50-150人,数据分析 MySQL,“周末双休，不加班，政府项目，”
120,数据分析师,杭州,[余杭区],25k-35k,25k-35k 经验3-5年 / 本科,吉林省海生电子商务有限公司,电商 / 不需要融资 / 少于15人,移动互联网 数据分析,“五险一金”
121,数据分析师,杭州,[小营],10k-20k,10k-20k 经验不限 / 不限,易恒科技,"移动互联网,数据服务 / 未融资 / 少于15人",企业服务 大数据,“在家办公，薪水每周发放，良好的学习环境”
122,数据分析专家,杭州,[长河],15k-30k,15k-30k 经验5-10年 / 不限,杭州斐丽生物技术有限公司,"移动互联网,电商 / 不需要融资 / 50-150人",电商 金融,“工资加股权”
123,数据分析实习生,杭州,[仓前],3k-5k,3k-5k 经验应届毕业生 / 本科,观远数据,"企业服务,数据服务 / A轮 / 50-150人",大数据 企业服务 MySQL 数据分析,“牛人团队 成长空间 期权激励 独当一面”
124,资深数据分析师,杭州,[江干区],20k-35k,20k-35k 经验3-5年 / 本科,贝贝网,电商 / D轮及以上 / 500-2000人,电商 数据分析,"“晋升通道,弹性考勤”"
125,数据分析经理,杭州,[长河],20k-35k,20k-35k 经验5-10年 / 本科,网易,电商 / 上市公司 / 2000人以上,移动互联网 电商 数据分析,"“跨境电商,海外出差”"
126,商业数据分析高级专家,杭州,[仓前],30k-40k,30k-40k 经验5-10年 / 硕士,阿里健康,"移动互联网,电商 / 上市公司 / 500-2000人",电商 医疗健康 商业 可视化 数据分析 数据运营,“上市公司”
127,BI数据分析师,杭州,[拱墅区],25k-45k,25k-45k 经验3-5年 / 本科,呆萝卜,"移动互联网,电商 / A轮 / 500-2000人",电商 新零售,“新零售赛道 成熟商业模式”
128,运营数据分析,杭州,[萧山区],10k-15k,10k-15k 经验1-3年 / 本科,名融网络,"移动互联网,电商 / A轮 / 500-2000人",电商 数据分析,“五险一金、弹性工作、周末双休”
129,数据分析核算文员,杭州,[江干区],4k-6k,4k-6k 经验1-3年 / 大专,爱斯基摩人家居有限公司,"电商,移动互联网 / 未融资 / 150-500人",电商,“朝九晚六，单双休”
130,bi数据分析师,杭州,[西湖区],10k-20k,10k-20k 经验3-5年 / 本科,年糕妈妈,"移动互联网,电商 / B轮 / 150-500人",电商,"“双休,六险一金,团队氛围棒,体检”"
131,bi数据分析师,杭州,[西湖区],15k-25k,15k-25k 经验3-5年 / 本科,51信用卡管家,金融 / 上市公司 / 500-2000人,BI SQL 数据分析 商业,“全员MAC 弹性工作 扁平化管理”
132,商业数据分析,杭州,[湖墅南路],6k-8k,6k-8k 经验3-5年 / 本科,盛锋咨询,数据服务 / 未融资 / 50-150人,MySQL 数据分析,“周末双休，不加班，政府项目，”
133,商业数据分析专家BI,杭州,[西溪],17k-25k,17k-25k 经验3-5年 / 本科,红移趋势,"移动互联网,文娱丨内容 / A轮 / 50-150人",支付 MySQL Java,“五险一金、年终奖、商业保险、年度体检”
134,财务数据分析经理,杭州,[天目山路],25k-35k,25k-35k 经验5-10年 / 本科,观眇生物科技,消费生活 / 未融资 / 15-50人,电商 物流 分析 上市 资产管理 尽职调查,“五险一金 发展前景好 双休”
135,高级游戏数据分析师,杭州,[滨江区],15k-20k,15k-20k 经验不限 / 本科,网易,电商 / 上市公司 / 2000人以上,游戏,“晋升空间大”
136,高级财务数据分析师,杭州,[余杭区],7k-12k,7k-12k 经验3-5年 / 本科,大搜车,汽车丨出行 / D轮及以上 / 2000人以上,会计 分析,“餐补，带薪年假，节日礼品，定期体检”
137,BI数据分析师,杭州,[西溪],30k-50k,30k-50k 经验5-10年 / 本科,钾呈信息,"移动互联网,电商 / 不需要融资 / 150-500人",数据分析,“年终奖、补充保险、餐补、交通补助”
138,BI数据分析/数据技术专家,杭州,[西溪],30k-60k,30k-60k 经验5-10年 / 本科,清华同方物联网本部,"移动互联网,信息安全 / 上市公司 / 500-2000人",数据分析 数据仓库 数据库开发,“牛人多、薪资待遇好、发展空间大”
139,运营支持（数据分析）,杭州,[朝晖],6k-9k,6k-9k 经验1-3年 / 本科,mobike摩拜单车,汽车丨出行 / D轮及以上 / 150-500人,其他 通信/网络设备,“五险一金”
140,大数据分析工程师,杭州,[西湖区],15k-22k,15k-22k 经验5-10年 / 不限,微选,"移动互联网,电商 / 未融资 / 150-500人",电商 新零售,“发展空间大”
141,初级金融、互联网 数据分析挖掘机器学习研究岗,杭州,[江南],10k-20k,10k-20k 经验1-3年 / 硕士,长亮科技,企业服务 / 上市公司 / 2000人以上,算法 数据挖掘 数据分析,"“金融科技,学习环境,提升空间,大平台”"
142,大数据分析与模型建设岗,杭州,[望江],25k-30k,25k-30k 经验1-3年 / 本科,泰隆银行,金融 / 不需要融资 / 2000人以上,大数据 数据分析,“薪酬丰厚、亲情a+b”
143,大数据分析项目经理,杭州,[西兴],15k-20k,15k-20k 经验3-5年 / 本科,安恒信息,"信息安全,数据服务 / D轮及以上 / 500-2000人",信息安全,“五险一金 带薪年假 国内外旅游”
144,商业数据分析总监,杭州,[长河],60k-80k,60k-80k 经验10年以上 / 本科,网易,电商 / 上市公司 / 2000人以上,电商 移动互联网 SQLServer Hive 数据分析 算法,“跨境电商，薪酬有竞争力”
