,标题,城市,公司地点,薪资待遇,工位要求,公司名称,公司级别,岗位技能,公司短评
0,高级数据分析师 (MJ001180),南京,[安德门],10k-13k,10k-13k 经验3-5年 / 本科,SHEIN,"电商,移动互联网 / C轮 / 2000人以上",电商 数据分析 行业分析 市场分析,“五险一金，绩效奖金，年终奖，节日福利”
1,高级数据分析师,南京,[栖霞区],10k-20k,10k-20k 经验5-10年 / 不限,雄狮科技,"汽车丨出行,人工智能 / 未融资 / 150-500人",数据分析 数据仓库 数据架构 数据挖掘,“主机厂初创公司、大数据分析、市场前沿”
2,数据分析,南京,[长乐路],10k-16k,10k-16k 经验1-3年 / 本科,联蔚科技,"移动互联网,电商 / 未融资 / 500-2000人",电商 SPSS SQL,“六险一金”
3,数据分析（南京）,南京,[秦淮区],10k-15k,10k-15k 经验1-3年 / 本科,飞常准,移动互联网 / 不需要融资 / 500-2000人,数据挖掘 数据分析,"“弹性工作,氛围轻松”"
4,数据分析师,南京,[鼓楼区],15k-30k,15k-30k 经验3-5年 / 本科,冰鉴科技,"移动互联网,金融 / B轮 / 150-500人",大数据 征信 算法 数据分析 数据挖掘,“晋升快大牛多技术强氛围好待遇好”
5,数据分析师,南京,[开发区],14k-20k,14k-20k 经验1-3年 / 不限,网思科平,"信息安全,数据服务 / C轮 / 50-150人",大数据 信息安全 SQL 数据分析,"“五险一金,专业培训,餐补,年假”"
6,BI工程师/数据分析师,南京,[铁心桥],15k-20k,15k-20k 经验3-5年 / 不限,艾佳生活,电商 / B轮 / 150-500人,电商 大数据 BI 数据分析,"“BI,数据分析”"
7,数据分析师,南京,[建邺区],4k-8k,4k-8k 经验不限 / 不限,YOHO!,"电商,文娱丨内容 / D轮及以上 / 500-2000人",电商 数据分析,"“年终奖,福利待遇好,周末双休,弹性工作”"
8,数据分析 (MJ000141),南京,[安德门],9k-14k,9k-14k 经验1-3年 / 不限,阿博茨科技,移动互联网 / B轮 / 150-500人,SQLServer MySQL,"“人工智能,金融,数据分析,技术驱动”"
9,数据分析专员,南京,[小行],,7k-10k 经验1-3年 / 本科,vivo,硬件 / 未融资 / 2000人以上,数据分析,"“弹性工作,试用期全薪，丰富年终奖”"
10,HB-数据分析师-南京,南京,[安德门],6k-12k,6k-12k 经验1-3年 / 本科,卓尔智联集团有限公司,"移动互联网,电商 / 上市公司 / 2000人以上",电商 数据挖掘,“上市公司 500强 五险一金”
11,数据分析工程师(帆软报表）,南京,[双龙大道],7k-10k,7k-10k 经验1-3年 / 本科,鼎捷软件,其他 / 上市公司 / 2000人以上,数据分析 数据运营 数据库,“五险一金全，各项补充福利”
12,数据分析师,南京,[铁心桥],,6k-8k 经验应届毕业生 / 本科,江苏谷科软件有限公司,"信息安全,金融 / 未融资 / 150-500人",数据分析 SQL 数据库,“六险一金、年底双薪、带薪年假、高温补贴”
13,数据分析师,南京,[南苑],12k-20k,12k-20k 经验3-5年 / 本科,森根科技,"信息安全,数据服务 / 不需要融资 / 150-500人",通信/网络设备 数据挖掘 算法 数据库开发,“五险一金、周末双休、包吃、绩效金”
14,资深数据分析（风险管理方向）,南京,[江东],8k-10k,8k-10k 经验1-3年 / 本科,平安普惠江苏分公司,金融 / 不需要融资 / 500-2000人,金融 风控 分析师,“薪酬福利好，发展空间大”
15,数据分析专员,南京,[小行],7k-10k,7k-10k 经验1-3年 / 本科,vivo,硬件 / 未融资 / 2000人以上,数据分析,"“弹性工作,试用期全薪，丰富年终奖”"
16,数据分析师 (MJ000443),南京,[安德门],6k-8k,经验1-3年 / 本科,SHEIN,"电商,移动互联网 / C轮 / 2000人以上",跨境电商 数据分析,“五险一金，绩效奖金，年终奖，节日福利”
17,数据分析经理,南京,[雨花台区],25k-50k,25k-50k 经验5-10年 / 本科,vivo,硬件 / 未融资 / 2000人以上,移动互联网,"“股票期权,技术驱动,千万级用户”"
18,HB-高级数据分析师-南京,南京,[安德门],15k-25k,15k-25k 经验5-10年 / 本科,卓尔智联集团有限公司,"移动互联网,电商 / 上市公司 / 2000人以上",大数据 金融 数据分析 数据挖掘 MySQL,“发展平台大 500强 上市公司”
19,数据分析,,[玄武区],10k-15k,10k-15k 经验3-5年 / 本科,苏宁易购,"电商,信息安全 / 上市公司 / 2000人以上",数据库 BI 可视化,“500强 平台大 发展好”
20,数据分析（python）实习生（南京）,南京,[珠江路],4k-6k,4k-6k 经验应届毕业生 / 硕士,,教育 / 未融资 / 50-150人,大数据,“扁平管理；弹性工作”
21,数据分析,南京,[长白街],4k-6k,4k-6k 经验不限 / 本科,南京嘉量信息,"医疗丨健康,数据服务 / 未融资 / 50-150人",MySQL,"“双休,绩效奖金,五险一金,带薪年假”"
22,社招：高级数据分析师（非校招）,,[仙林],10k-20k,10k-20k 经验应届毕业生 / 本科,苏宁云商集团互联网平台公司,电商 / 上市公司 / 2000人以上,电商,“内容电商，前景无限。”
23,推广/SEO/数据分析/运营分析/策划/创意,南京,[珠江路],6k-9k,经验1-3年 / 不限,南京德胜智业,"电商,消费生活 / 未融资 / 15-50人",移动互联网 广告营销 策划 创意,“年轻、提薪快、五险一金、不加班、做五休二”
24,数据分析助理,南京,,3K-5K,3K-5K 经验1年以下 / 大专,南京森马,消费生活 / 不需要融资 / 500-2000人,产品设计 产品策划,“目前五家店正在急速发展。空间很大。”
25,银行数据分析实习生,南京,[雨花台区],5k-7k,5k-7k 经验1年以下 / 本科,江苏谷科软件有限公司,"信息安全,金融 / 未融资 / 150-500人",Oracle 数据仓库 数据挖掘,“六险一金、年终奖、一年两次调薪机会”
26,商业数据分析师,南京,[宁南],10k-15k,10k-15k 经验3-5年 / 不限,讯实科技,数据服务 / B轮 / 15-50人,数据分析,“五险一金 双休”
27,BI数据分析产品经理,南京,[鼓楼区],10k-15k,10k-15k 经验5-10年 / 本科,五星电器,"电商,消费生活 / 不需要融资 / 2000人以上",新零售 BI 数据 数据分析,“五险一金、节假日福利”
28,大数据分析开发工程师,南京,[山西路],8k-15k,8k-15k 经验1-3年 / 本科,南京邮数通,"移动互联网,信息安全 / 不需要融资 / 15-50人",大数据 数据挖掘,"“项目奖金,带薪休年假,五险一金”"
29,高级数据分析经理,南京,[雨花台区],50k-80k,50k-80k 经验5-10年 / 本科,vivo,硬件 / 未融资 / 2000人以上,移动互联网,"“股票期权,技术驱动,千万级用户”"