,标题,城市,公司地点,薪资待遇,工位要求,公司名称,公司级别,岗位技能,公司短评
0,数据分析(上海）,上海,[浦东新区],15k-30k,15k-30k 经验3-5年 / 本科,达达-京东到家,消费生活 / D轮及以上 / 2000人以上,新零售 物流 数据分析,“带薪年假”
1,数据分析师,上海,[龙华],15k-30k,15k-30k 经验3-5年 / 本科,天壤智能,"移动互联网,企业服务 / A轮 / 50-150人",数据分析 SQL,"“AI,人工智能,大数据”"
2,数据分析师（高级）,上海,[重固],17k-30k,17k-30k 经验3-5年 / 本科,申通快递,消费生活 / 上市公司 / 2000人以上,物流 数据分析,“五险一金 周末双休 大平台”
3,数据分析工程师,上海,[浦东新区],20k-40k,20k-40k 经验5-10年 / 本科,寄云科技,"移动互联网,数据服务 / A轮 / 50-150人",数据分析 数据库,“五险一金，带薪年假，弹性工作，”
4,高级数据分析师,上海,[长征],8k-15k,8k-15k 经验1-3年 / 本科,AdMaster,数据服务 / 不需要融资 / 500-2000人,大数据,“空间大 平台好 福利多”
5,数据分析师,上海,[浦东新区],10k-20k,10k-20k 经验1-3年 / 本科,萨摩耶金服,金融 / C轮 / 150-500人,互联网金融 数据分析,"“精英团队,弹性工作,工作氛围好”"
6,32216W-数据分析,上海,[龙华],10k-15k,10k-15k 经验1年以下 / 本科,平安健康互联网,"移动互联网,医疗丨健康 / 上市公司 / 2000人以上",医疗健康,"“五险一金,绩效奖金,定期体检,带薪年假”"
7,数据分析师实习生,上海,[张江],3k-5k,3k-5k 经验不限 / 本科,上海小牛互娱智能科技有限公司,移动互联网 / 未融资 / 500-2000人,数据分析,“年底双薪 加班晚餐 免费打车”
8,数据分析师-DPL01,上海,[静安区],7k-10k,7k-10k 经验1-3年 / 本科,英雄互娱,"移动互联网,游戏 / 上市公司 / 150-500人",MySQL 数据分析 Hive,“定期体检；带薪年假；餐补；周末双休”
9,数据分析师,上海,[北新泾],15k-20k,15k-20k 经验1-3年 / 本科,京东,"移动互联网,电商 / 上市公司 / 500-2000人",SQL 数据运营 数据分析,“大平台、福利好、牛人多”
10,高级数据分析师,上海,[张江],15k-30k,15k-30k 经验1-3年 / 不限,上海麦晗科技有限公司,移动互联网 / A轮 / 15-50人,大数据 数据分析,“大神团队 打卡自由 氛围待遇open”
11,数据分析专家（IT）,上海,[虹口区],10k-17k,10k-17k 经验3-5年 / 本科,上海锐力健身装备有限公司,其他 / 不需要融资 / 2000人以上,数据分析 可视化 数据库 SQL,“团队稳 领导好 做五休二 不经常加班”
12,高级数据分析总监,上海,[虹口区],50k-100k,50k-100k 经验5-10年 / 本科,靖琪,移动互联网 / 天使轮 / 50-150人,电商 工具软件,"“公司实力强,成长空间大,福利待遇好”"
13,数据分析,上海,[虹梅路],10k-20k,10k-20k 经验3-5年 / 本科,汇付,"移动互联网,金融 / 上市公司 / 500-2000人",SQL,“上市公司 合规风控 精英团队”
14,数据分析师（数据中心）,上海,[普陀区],15k-25k,15k-25k 经验1-3年 / 本科,收钱吧,移动互联网 / C轮 / 500-2000人,数据分析 数据处理 SQLServer,“平台大，福利好，牛人多，晋升机会”
15,数据分析师,上海,[张江],15k-30k,15k-30k 经验3-5年 / 本科,还呗-智能信贷领先者,金融 / B轮 / 500-2000人,数据分析,"“移动金融,未来金矿,精英团队,助力成长”"
16,25210V-数据分析师,上海,[陆家嘴],13k-26k,13k-26k 经验3-5年 / 本科,陆金所,金融 / B轮 / 2000人以上,数据分析 数据挖掘,"“五险一金,节日福利,带薪年假,定期体检”"
17,数据分析师,上海,[五角场],12k-20k,12k-20k 经验1-3年 / 本科,即刻,移动互联网 / C轮 / 50-150人,数据分析 SQL,“出国outing 办公环境优秀 同事优秀”
18,数据分析师,上海,[张江],25k-40k,25k-40k 经验3-5年 / 硕士,派拉软件,数据服务 / 上市公司 / 150-500人,信息安全 数据分析 数据库 SQL,“年终奖高，晋升空间大，扁平化管理”
19,数据分析,上海,[四川北路],7k-10k,7k-10k 经验1-3年 / 本科,设计院,"移动互联网,金融 / 上市公司 / 2000人以上",互联网金融 移动互联网 SQL,“平台大 年终奖”
20,数据分析师,上海,[徐汇区],15k-30k,15k-30k 经验不限 / 本科,苹果树,"金融,数据服务 / A轮 / 150-500人",金融 SQL 数据库,“老板nice，发展空间大，五险一金”
21,数据分析师,上海,[五角场],8k-12k,8k-12k 经验1-3年 / 本科,CareerFrog职业蛙,教育 / B轮 / 150-500人,可视化 数据库,"“奶思队友,毫无节操,疯狂凯瑞,别忘了高薪”"
22,数据分析师,上海,[长宁区],12k-16k,12k-16k 经验1-3年 / 本科,算话智能科技有限公司,"数据服务,移动互联网 / B轮 / 50-150人",大数据 移动互联网 SQL 数据分析,"“绩效奖金,福利津贴,交通补贴,假日福利”"
23,数据分析师,上海,[闸北区],10k-20k,10k-20k 经验3-5年 / 硕士,晶赞科技Zamplus,"数据服务,文娱丨内容 / D轮及以上 / 150-500人",数据分析,“弹性工作、绩效奖金、出国旅游、扁平化管理”
24,数据分析师,上海,[八佰伴],8k-15k,8k-15k 经验1-3年 / 本科,PINTEC,"移动互联网,金融 / 上市公司 / 150-500人",互联网金融 SQL 数据分析,"“六险一金,带薪休假,弹性工作,扁平管理”"
25,数据分析师,上海,[漕河泾],15k-30k,15k-30k 经验不限 / 大专,噗嗤游戏,"游戏,社交 / 不需要融资 / 15-50人",游戏 SQL SPSS 数据分析,“六险一金 氛围好 发展快 项目奖金”
26,数据分析师,上海,[新闸路],7k-9k,7k-9k 经验1-3年 / 本科,小站教育,"移动互联网,教育 / C轮 / 500-2000人",移动互联网 教育 BI 数据分析 数据运营 SQL,“发展空间大”
27,数据分析师,上海,[杨浦区],15k-18k,15k-18k 经验5-10年 / 本科,独立日,移动互联网 / B轮 / 50-150人,数据分析 数据库,“团队氛围好 交通便利 地铁附近”
28,数据分析师,上海,[东外滩],15k-25k,15k-25k 经验3-5年 / 本科,达达-京东到家,消费生活 / D轮及以上 / 2000人以上,年底双薪 绩效奖金 岗位晋升 定期体检,“技术驱动、风口平台”
29,数据分析师,上海,[东方路],20k-30k,20k-30k 经验3-5年 / 本科,上海你我贷互联网金融信息服务,金融 / 上市公司 / 500-2000人,数据分析 SQL,“弹性工作制 奖金丰厚 领导NICE”
30,大数据分析师,上海,[中山公园],9k-18k,9k-18k 经验1-3年 / 本科,算话智能科技有限公司,"数据服务,移动互联网 / B轮 / 50-150人",大数据 数据分析,“优秀团队、绩效奖金、福利津贴、定期体检”
31,数据分析,上海,[吴淞],10k-20k,10k-20k 经验3-5年 / 本科,微盟,企业服务 / 上市公司 / 2000人以上,电商 企业服务 可视化 SQL 数据运营,“上市公司 成长空间大”
32,数据分析师,上海,[虹梅路],19k-28k,19k-28k 经验3-5年 / 本科,永辉云创科技有限公司,"电商,消费生活 / D轮及以上 / 2000人以上",新零售,“待遇优、空间大、平台好”
33,数据分析师,上海,[五角场],15k-30k,15k-30k 经验1-3年 / 本科,信用算力,"移动互联网,金融 / B轮 / 150-500人",风控,“晋升快，福利好，美女多”
34,数据分析师,上海,[浦东新区],30k-60k,30k-60k 经验5-10年 / 本科,平安金服,金融 / 上市公司 / 2000人以上,数据分析 数据运营,"“福利好,技术牛人多,奖金多,平台好”"
35,数据分析师,上海,[张江],10k-20k,10k-20k 经验1-3年 / 本科,东方新闻,"移动互联网,社交 / 不需要融资 / 150-500人",BI SQL 数据库,"“发展平台,扁平化,晋升机会,福利待遇”"
36,数据分析师,上海,[东方路],15k-25k,15k-25k 经验3-5年 / 本科,蜻蜓FM,移动互联网 / D轮及以上 / 150-500人,大数据 金融 商业 数据分析,“弹性工作，年轻化团队，行业领先平台”
37,数据分析师（风控）,上海,[静安区],20k-40k,20k-40k 经验5-10年 / 本科,淘集集,电商 / B轮 / 500-2000人,电商 数据挖掘 数据分析 数据处理 MySQL,"“扁平化管理,平台大,奖金多,15薪”"
38,数据分析师,上海,[徐汇区],15k-25k,15k-25k 经验3-5年 / 大专,瑛麒动漫,"移动互联网,文娱丨内容 / A轮 / 50-150人",数据分析 数据运营,"“挑战大,丰富内容,氛围好”"
39,数据分析师,上海,[张江],8k-16k,8k-16k 经验1-3年 / 本科,韩创科技,"移动互联网,文娱丨内容 / 不需要融资 / 500-2000人",移动互联网 数据分析 商业 数据运营,“发展空间，晋升，期权分红，年终奖，”
40,数据分析师,上海,[徐汇区],8k-12k,8k-12k 经验1年以下 / 本科,简书,"移动互联网,文娱丨内容 / B轮 / 50-150人",社交 移动互联网 可视化 数据分析 SQL BI,“大牛团队，自由度高，弹性工作，福利多多”
41,数据分析师（风控建模方向-上海）,上海,[黄浦区],15k-30k,15k-30k 经验1-3年 / 硕士,中诚信征信,"数据服务,人工智能 / 不需要融资 / 150-500人",Java 数据分析,"“行业领导者,弹性工作制,周五7小时,扁平化管理”"
42,数据分析,上海,[东外滩],15k-25k,15k-25k 经验3-5年 / 本科,达达-京东到家,消费生活 / D轮及以上 / 2000人以上,数据运营,“平台大；机会多；领导nice”
43,数据分析师,上海,[徐汇区],15k-30k,15k-30k 经验1-3年 / 本科,字节跳动,文娱丨内容 / C轮 / 2000人以上,数据分析,“六险一金，弹性工作，免费三餐，餐补”
44,算法工程师/数据分析师,上海,[浦东新区],15k-30k,15k-30k 经验3-5年 / 硕士,派拉软件,数据服务 / 上市公司 / 150-500人,信息安全 机器学习 建模 算法,“晋升空间大+扁平化管理”
45,数据分析师,上海,[曹杨],15k-30k,15k-30k 经验3-5年 / 本科,联元智能科技,"移动互联网,数据服务 / A轮 / 50-150人",BI 商业 数据分析,“五险一金 绩效奖金 弹性工作 补充公积金”
46,数据分析师（车贷）(J11975),上海,[张江],10k-17k,10k-17k 经验1-3年 / 本科,2345.com,"数据服务,移动互联网 / 上市公司 / 500-2000人",互联网金融 数据分析 MySQL,"“A股上市,年终奖丰厚,带薪年假,领导好”"
47,数据分析师,上海,[漕宝路],8k-15k,8k-15k 经验1-3年 / 本科,车轮,移动互联网 / C轮 / 150-500人,汽车 移动互联网 数据分析,"“福利待遇好,扁平管理,团队氛围佳”"
48,数据分析,上海,[杨浦区],8k-12k,8k-12k 经验3-5年 / 本科,眸事网,"移动互联网,企业服务 / 天使轮 / 150-500人",企业服务 大数据,“期权激励 大数据平台 发展空间大”
49,数据分析师,上海,[五角场],15k-25k,15k-25k 经验3-5年 / 本科,爱回收,"电商,消费生活 / D轮及以上 / 2000人以上",MySQL 数据挖掘 数据分析,“扁平化管理 独角兽 90后管理层”
50,数据分析师（报表方向）,上海,[张江],12k-20k,12k-20k 经验1-3年 / 本科,拉卡拉云商网络有限公司,"电商,金融 / 不需要融资 / 500-2000人",BI 数据分析 数据运营,“大型金融互联网 第三方支付 行业领先”
51,数据分析师,上海,[杨浦区],15k-25k,15k-25k 经验1-3年 / 本科,金宝贝网络科技,移动互联网 / 未融资 / 50-150人,商业 可视化 BI 数据分析,“大牛云集 成长空间大 高效团队 创业型”
52,数据分析师,上海,[浦东新区],15k-25k,15k-25k 经验1-3年 / 本科,宏信金服,金融 / 不需要融资 / 50-150人,互联网金融 风控 分析师 信用产品,“数据分析、业务策略分析”
53,数据分析实习生 (MJ000998),上海,[塘桥],2k-4k,2k-4k 经验不限 / 不限,挖财,工具 / D轮及以上 / 500-2000人,数据分析,"“公司平台,晋升空间,弹性工作,节假日福利”"
54,数据分析师,上海,[徐汇区],8k-16k,8k-16k 经验1-3年 / 本科,字节跳动,文娱丨内容 / C轮 / 2000人以上,编辑,“免费三餐，租房补贴，休闲下午茶，扁平管理”
55,数据分析师-上海,上海,[静安区],15k-30k,15k-30k 经验不限 / 本科,神策数据,数据服务 / C轮 / 150-500人,大数据 商业 BI 可视化 数据分析,"“五险一金,午餐补助,补充医疗,14薪”"
56,数据分析师,上海,[虹梅路],15k-30k,15k-30k 经验3-5年 / 本科,驰骛科技ChiefClouds,"数据服务,移动互联网 / A轮 / 50-150人",电商 新零售 BI SQL 数据库 数据分析,“年度体检免费晚餐补充商保10天带薪年假”
57,大数据分析师,上海,[虹梅路],15k-25k,15k-25k 经验3-5年 / 本科,创略科技,"数据服务,广告营销 / B轮 / 150-500人",商业 BI 数据分析,“弹性工作”
58,数据分析师（小回音APP）,上海,[江湾],10k-20k,10k-20k 经验3-5年 / 本科,虎扑,"移动互联网,文娱丨内容 / D轮及以上 / 150-500人",社交 移动互联网,"“弹性工作,节日福利,五险一金,免费晚餐”"
59,数据分析师,上海,[静安区],10k-15k,10k-15k 经验1-3年 / 本科,链尚网,电商 / C轮 / 150-500人,数据分析,“年底多薪，年假多。”
60,数据分析师,上海,[杨浦区],8k-12k,8k-12k 经验1-3年 / 本科,眸事网,"移动互联网,企业服务 / 天使轮 / 150-500人",大数据 数据分析 SQL,"“行业先锋,数据驱动,项目奖金,活力年轻”"
61,数据分析师(J11968),上海,[浦东新区],10k-18k,10k-18k 经验1-3年 / 本科,2345.com,"数据服务,移动互联网 / 上市公司 / 500-2000人",互联网金融 数据分析 数据运营 数据库 SQL,"“A股上市,年终奖丰厚,带薪年假,领导好”"
62,数据分析师,上海,[虹口足球场],20k-30k,20k-30k 经验3-5年 / 本科,虎扑,"移动互联网,文娱丨内容 / D轮及以上 / 150-500人",数据分析,“发展前景”
63,数据分析师,上海,[人民广场],15k-30k,15k-30k 经验3-5年 / 本科,ZRobot,"数据服务,企业服务 / 未融资 / 50-150人",大数据 互联网金融 数据分析,"“五险一金,补充医疗,节日福利,带薪年假”"
64,数据分析师,上海,[杨浦区],15k-25k,15k-25k 经验3-5年 / 本科,GeexFinance,金融 / A轮 / 150-500人,金融 商业 BI 可视化 数据分析,“高速发展 精英团队 大牛带路”
65,数据分析工程师,上海,[田林],11k-18k,11k-18k 经验1-3年 / 本科,寻找母星,"移动互联网,消费生活 / 天使轮 / 50-150人",移动互联网 本地生活 BI 数据分析 SQL 数据库,"“大牛云集,薪资丰厚,团队优秀,晋升空间大”"
66,数据分析师 (MJ001038),上海,[洋泾],15k-25k,15k-25k 经验1-3年 / 不限,挖财,工具 / D轮及以上 / 500-2000人,数据分析,“带薪年假，员工旅游，五险一金，扁平管理”
67,数据分析师,上海,[徐家汇],8k-16k,8k-16k 经验1-3年 / 本科,番糖游戏,游戏 / 未融资 / 50-150人,内容,"“年底双薪,员工旅游,员工体检,餐补车补”"
68,（民航）数据分析师,上海,[浦东新区],10k-20k,10k-20k 经验3-5年 / 硕士,飞常准,移动互联网 / 不需要融资 / 500-2000人,大数据 可视化 SPSS 数据分析,"“六险一金,周末双休,年终奖金,境外旅游”"
69,数据分析师,上海,[田林],10k-20k,10k-20k 经验1-3年 / 本科,HARB,企业服务 / B轮 / 50-150人,电商 金融 数据挖掘 数据分析,"“发展空间大,弹性工作,福利好,管理扁平”"
70,数据分析师,上海,[浦东新区],10k-20k,10k-20k 经验3-5年 / 不限,艾天科技,"企业服务,数据服务 / 不需要融资 / 15-50人",云计算 大数据 数据分析,"“平台好,环境好,氛围好,机会多”"
71,数据分析师,上海,[徐家汇],10k-20k,10k-20k 经验3-5年 / 本科,Datatist,"数据服务,广告营销 / A轮 / 50-150人",BI 数据分析 SQL,“硅谷团队，丰厚薪水， 晋升平台，带薪假期”
72,数据分析,上海,[虹梅路],8k-15k,8k-15k 经验1-3年 / 不限,零境网络,游戏 / 不需要融资 / 50-150人,游戏 SQL,“领导好 福利好 公司旅游”
73,数据分析师,上海,[静安寺],15k-25k,15k-25k 经验3-5年 / 本科,寻梦说,"移动互联网,电商 / 天使轮 / 15-50人",电商 数据库 数据分析,“双休， 五险一金，年度体检”
74,数据分析师,上海,[徐汇区],10k-20k,10k-20k 经验1-3年 / 本科,返利网,电商 / C轮 / 500-2000人,电商 数据分析,"“福利待遇好,工作环境优,六险一金”"
75,数据分析师,上海,[杨浦区],10k-15k,10k-15k 经验1-3年 / 本科,GeexFinance,金融 / A轮 / 150-500人,大数据 BI 数据分析,"“大牛云集,团建,五险一金”"
76,数据分析师（文本数据建模）,上海,[花木],5k-8k,5k-8k 经验1-3年 / 本科,上海浩宜信息科技有限公司,"数据服务,人工智能 / 不需要融资 / 150-500人",信息安全 大数据 数据分析 数据仓库 数据架构 数据挖掘,“做五休二，季度绩效、五险一金、定期团建”
77,数据分析师,上海,[张江],13k-20k,13k-20k 经验3-5年 / 本科,仁辉科技,金融 / 不需要融资 / 50-150人,大数据 征信 数据分析 SPSS,"“上市背景,发展潜力大,薪酬福利佳,领导好”"
78,数据分析,上海,[宝山区],13k-20k,13k-20k 经验1-3年 / 本科,艾大,"企业服务,数据服务 / 未融资 / 15-50人",金融 大数据 BI 可视化 数据库,“行业前景好，福利待遇好，晋升空间大，”
79,数据分析,上海,[天山路],8k-15k,8k-15k 经验1-3年 / 本科,Know Yourself,"教育,社交 / A轮 / 50-150人",大数据,"“五险一金,扁平化管理,弹性工作,交通便利”"
80,数据分析工程师,上海,[漕宝路],10k-18k,10k-18k 经验不限 / 本科,企鹅杏仁,"移动互联网,消费生活 / B轮 / 500-2000人",医疗健康 MySQL ETL 数据分析 数据仓库,"“发展好,福利好,氛围好,环境好”"
81,数据分析师(KOL方向),上海,[浦东新区],10k-20k,10k-20k 经验不限 / 硕士,长投学堂,移动互联网 / A轮 / 150-500人,数据分析,“五险一金 年终奖 周末双休 朝九晚六”
82,数据分析师,上海,[北新泾],15k-25k,15k-25k 经验1-3年 / 本科,携程,旅游 / 上市公司 / 2000人以上,旅游 大数据 ETL Hive 数据分析 数据处理,“技术大牛群集，年度旅游，晋升机会”
83,数据分析师,上海,[杨浦区],11k-16k,11k-16k 经验1-3年 / 本科,R2.ai,人工智能 / A轮 / 50-150人,大数据 其他 ETL DB2 数据分析,“AI 美国公司”
84,数据分析师（数据BP）(J11909),上海,[浦东新区],12k-20k,12k-20k 经验3-5年 / 本科,2345.com,"数据服务,移动互联网 / 上市公司 / 500-2000人",电商 移动互联网 数据分析,"“上市公司,发展空间大,业务平稳”"
85,数据分析工程师,上海,[青浦区],12k-20k,12k-20k 经验1-3年 / 本科,圆通,物流丨运输 / 上市公司 / 2000人以上,BI 数据分析 SQL,“大平台，福利佳，上市公司”
86,数据分析,上海,[浦东新区],15k-25k,15k-25k 经验1-3年 / 本科,上海你我贷互联网金融信息服务,金融 / 上市公司 / 500-2000人,年底双薪 节日礼物 技能培训 绩效奖金,“纳斯达克上市公司 职位上升空间大”
87,数据分析师（应届生）,上海,[遵义路],6k-10k,6k-10k 经验不限 / 本科,乐麦信息技术（杭州）有限公司,电商 / 不需要融资 / 500-2000人,电商 大数据,“五险一金、周末双休、带薪年假、节日福利”
88,数据分析师（数据运营）,上海,[徐汇区],10k-20k,10k-20k 经验3-5年 / 本科,驰骛科技ChiefClouds,"数据服务,移动互联网 / A轮 / 50-150人",数据分析 数据运营 数据库,“五险一金补充商保免费零食免费晚餐年度体检”
89,数据分析师,上海,[南方商城],15k-20k,15k-20k 经验1-3年 / 本科,途虎养车网,汽车丨出行 / D轮及以上 / 2000人以上,BI 可视化 数据分析 SQL,“扁平化管理，大牛带教”
90,数据分析师,上海,[静安区],7k-10k,7k-10k 经验1-3年 / 本科,黑湖科技,"企业服务,数据服务 / B轮 / 150-500人",数据分析,“团体旅游 包中晚餐 零食水果”
91,数据分析师,上海,[闵行区],12k-24k,12k-24k 经验1-3年 / 本科,莉莉丝游戏,"移动互联网,游戏 / 不需要融资 / 150-500人",游戏,"“弹性工作,福利待遇好,工作氛围好”"
92,数据分析师,上海,[徐家汇],10k-20k,10k-20k 经验3-5年 / 本科,Target Social,"移动互联网,数据服务 / B轮 / 50-150人",广告营销 企业服务 商业 数据分析 DBA,“发展空间大，项目多，福利丰富”
93,数据分析师,上海,[徐汇区],15k-25k,15k-25k 经验1-3年 / 本科,轻轻家教,"移动互联网,教育 / D轮及以上 / 2000人以上",教育 移动互联网 数据分析 数据运营 SQL,“D轮融资、技术大牛、教育行业”
94,高级数据分析师,上海,[塘桥],15k-25k,15k-25k 经验3-5年 / 硕士,浦发信用卡,金融 / 上市公司 / 2000人以上,大数据 金融 数据分析 金融,"“金融,高薪”"
95,12217U-数据分析岗,上海,[唐镇],10k-15k,10k-15k 经验3-5年 / 本科,平安金服,金融 / 上市公司 / 2000人以上,数据分析,"“五险一金,绩效奖金,带薪年假,定期体检”"
96,数据分析师,上海,[张江],15k-22k,15k-22k 经验1-3年 / 硕士,CLPS,"数据服务,金融 / 未融资 / 500-2000人",电商 移动互联网 数据分析,"“待遇高,环境好,有前景”"
97,数据分析师,上海,[碧云社区],20k-35k,20k-35k 经验3-5年 / 本科,证通股份,"移动互联网,金融 / 不需要融资 / 150-500人",大数据 数据分析,"“公司平台稳定有潜力,补充公积金,补充医疗”"
98,数据分析师,上海,[南京东路],20k-35k,20k-35k 经验3-5年 / 本科,乐元素游戏,"移动互联网,游戏 / 不需要融资 / 500-2000人",数据分析 可视化 数据运营,“一流的休闲社交游戏研发团队”
99,资深数据分析师,上海,[浦东新区],25k-50k,25k-50k 经验5-10年 / 本科,上海只二网络科技有限公司,"移动互联网,电商 / B轮 / 50-150人",数据分析 数据处理 数据库开发,“各种奖金，团建旅游，五险一金，花式下午茶”
100,数据分析师,上海,[浦东新区],10k-20k,10k-20k 经验3-5年 / 本科,盛付通,"移动互联网,金融 / 不需要融资 / 150-500人",数据分析,"“工作氛围好,福利待遇好,弹性工作”"
101,数据分析师（电商策略方向）,上海,[人民广场],15k-30k,15k-30k 经验3-5年 / 本科,南极电商,"电商,移动互联网 / 上市公司 / 150-500人",电商,“上市公司、知名品牌、发展前景大”
102,数据分析师,上海,[曹路],10k-20k,10k-20k 经验1-3年 / 本科,安我,医疗丨健康 / A轮 / 50-150人,医疗健康,“五险一金、绩效奖金、节日福利、户外活动”
103,数据分析与运营,上海,[徐汇区],6k-10k,6k-10k 经验3-5年 / 本科,驰骛科技ChiefClouds,"数据服务,移动互联网 / A轮 / 50-150人",数据分析 数据运营,“员工餐 年度体检 免费零食 不打卡”
104,数据分析师,上海,[虹梅路],5k-10k,5k-10k 经验1-3年 / 大专,至数,"数据服务,硬件 / A轮 / 15-50人",数据分析,“发展前景好”
105,数据分析,上海,[中山公园],7k-14k,7k-14k 经验不限 / 本科,乐麦信息技术（杭州）有限公司,电商 / 不需要融资 / 500-2000人,电商 SPSS SQL 数据库,"“五险一金,周末双休,带薪年假,扁平化”"
106,0221KM-数据分析岗,上海,[陆家嘴],10k-20k,10k-20k 经验1-3年 / 本科,平安人寿,金融 / 上市公司 / 2000人以上,其他 金融 保险,"“五险一金,带薪年假,绩效奖金,定期体检”"
107,数据分析师,上海,[长阳路],10k-20k,10k-20k 经验1-3年 / 本科,DataStory,数据服务 / B轮 / 150-500人,数据分析 SPSS,“五险一金 周末双休 扁平管理”
108,数据分析师,上海,[静安区],20k-40k,20k-40k 经验1-3年 / 本科,V8实拍,移动互联网 / B轮 / 150-500人,SQL 商业 数据分析 SPSS,“补充商业保险 房补 免费三餐”
109,数据分析师,上海,[长阳路],20k-35k,20k-35k 经验3-5年 / 不限,英语流利说,教育 / 上市公司 / 2000人以上,数据分析,“美股上市 人工智能 不打卡 硅谷文化”
110,数据分析师,上海,[张江],20k-40k,20k-40k 经验3-5年 / 本科,趣头条,文娱丨内容 / 上市公司 / 500-2000人,电商 社交 数据分析 数据处理,“薪资待遇好，全年基本上15薪以上。”
111,数据分析师,上海,[张江],10k-20k,10k-20k 经验1-3年 / 大专,共轨之家,移动互联网 / A轮 / 150-500人,SQL,“人工智能 技术前沿 氛围热情 待遇优厚”
112,数据分析师,上海,[四平路],8k-16k,8k-16k 经验1-3年 / 本科,Hypers,移动互联网 / 上市公司 / 50-150人,数据分析,"“六险一金,定期体检,员工旅游,地铁周边”"
113,数据分析师,上海,[静安区],7k-10k,7k-10k 经验1-3年 / 不限,黑湖科技,"企业服务,数据服务 / B轮 / 150-500人",大数据 工具软件,"“顶级vc,精英团队,前沿技术,硅谷文化”"
114,数据分析工程师,上海,[浦东新区],15k-25k,15k-25k 经验3-5年 / 本科,招商银行—出行易,电商 / 不需要融资 / 150-500人,旅游 移动互联网 数据分析,“带薪年假，节日补贴，高低温补，”
115,数据分析师（英语好）,上海,[黄浦区],16k-24k,16k-24k 经验不限 / 硕士,CLPS,"数据服务,金融 / 未融资 / 500-2000人",电商 数据分析 SQL,"“团队氛围好,发展空间大,海外团队”"
116,数据分析师,上海,[塘桥],15k-25k,15k-25k 经验1-3年 / 本科,浦发信用卡,金融 / 上市公司 / 2000人以上,Spark,“绩效工资”
117,数据分析岗,上海,[陆家嘴],20k-30k,20k-30k 经验1-3年 / 本科,新分享科技服务,金融 / B轮 / 50-150人,互联网金融,“年底双薪，绩效奖金，带薪年假，金融科技”
118,资深数据分析师,上海,[金桥],15k-18k,15k-18k 经验3-5年 / 本科,上海你我贷互联网金融信息服务,金融 / 上市公司 / 500-2000人,互联网金融 SQLServer 数据分析 数据挖掘 MySQL,“领导nice 大平台 上市公司”
119,数据分析师 (MJ003207),上海,[闵行区],15k-25k,15k-25k 经验不限 / 不限,哈啰出行,"移动互联网,硬件 / D轮及以上 / 2000人以上",SPSS SQL 数据库 数据分析,“互联网公司 弹性工作 领导好”
120,数据分析师（上海）,上海,[中山公园],7k-13k,7k-13k 经验不限 / 本科,乐麦信息技术（杭州）有限公司,电商 / 不需要融资 / 500-2000人,大数据,"“五险一金,年终奖金,年度旅游,周末双休”"
121,数据分析,上海,[龙华],15k-25k,15k-25k 经验3-5年 / 本科,平安医疗,医疗健康 / 未融资 / 500-2000人,BI,“大平台”
122,数据分析师 (MJ000268),上海,[田林],10k-20k,10k-20k 经验不限 / 本科,星环科技,数据服务 / C轮 / 150-500人,数据分析,“六险二金 带薪年假 定期团建”
123,资深数据分析师,上海,[花木],25k-50k,25k-50k 经验5-10年 / 本科,趣头条,文娱丨内容 / 上市公司 / 500-2000人,移动互联网 数据分析,“上市公司，千万级日活，上升空间”
124,数据分析师,上海,[新天地],15k-30k,15k-30k 经验3-5年 / 本科,小红书,消费生活 / D轮及以上 / 500-2000人,数据分析,“包三餐 零食饮料无限量供应”
125,数据分析师(J18427),上海,[北新泾],15k-30k,15k-30k 经验3-5年 / 本科,携程,旅游 / 上市公司 / 2000人以上,数据分析 数据仓库 数据库开发,"“平台大,领导好,办公环境好”"
126,数据分析师,上海,[梅园],10k-20k,10k-20k 经验应届毕业生 / 本科,百融云创,金融 / C轮 / 500-2000人,大数据,"“年底双薪,带薪年假,年度旅游,绩效奖励”"
127,初级数据分析师,上海,[田林],6k-10k,6k-10k 经验1年以下 / 本科,寻找母星,"移动互联网,消费生活 / 天使轮 / 50-150人",移动互联网 本地生活 数据运营 SQL 数据库 BI,"“大牛云集,薪资丰厚,团队优秀,晋升空间大”"
128,数据分析师,上海,[虹口区],7k-13k,7k-13k 经验1-3年 / 本科,通联数据,金融 / 不需要融资 / 150-500人,金融 大数据 MySQL SQLServer 数据分析 数据处理,"“技术氛围浓,办公环境好,团队氛围佳”"
129,数据分析师,上海,[陆家嘴],15k-25k,15k-25k 经验3-5年 / 本科,Oriente,"移动互联网,金融 / B轮 / 500-2000人",移动互联网 金融 数据分析 SQL,"“弹性工作,绩效奖金,股票期权,福利津贴”"
130,数据分析师（新零售）,上海,[宝山区],8k-10k,8k-10k 经验1-3年 / 本科,微盟,企业服务 / 上市公司 / 2000人以上,大数据 数据分析,"“发展速度快,晋升空间大,团队给力”"
131,数据分析师 (MJ001006),上海,[复旦大学],20k-35k,20k-35k 经验3-5年 / 本科,哔哩哔哩,"移动互联网,文娱丨内容 / 上市公司 / 2000人以上",商业 数据分析 增长黑客,“六险一金 年终奖 互联网 上市公司”
132,数据分析师（极融） (MJ000671),上海,[东方路],15k-20k,15k-20k 经验1年以下 / 本科,上海你我贷互联网金融信息服务,金融 / 上市公司 / 500-2000人,BI 数据分析 数据运营,“弹性工作 丰厚年底奖金”
133,资深数据分析师,上海,[复旦大学],20k-40k,20k-40k 经验不限 / 硕士,树融科技,"企业服务,数据服务 / 天使轮 / 15-50人",数据分析,"“管理扁平化,海外背景,高学历同事,充分尊重”"
134,数据分析师,上海,[虹桥],20k-30k,20k-30k 经验3-5年 / 本科,亚朵集团,"旅游,消费生活 / 不需要融资 / 2000人以上",电商 本地生活 数据分析 BI 商业,“氛围好 有前景 下午茶 节日礼物”
135,数据分析师,上海,[新天地],15k-30k,15k-30k 经验3-5年 / 本科,小红书,消费生活 / D轮及以上 / 500-2000人,电商 社交,"“数据分析,用户增长,社区电商,大牛多”"
136,数据分析师,上海,[闵行区],20k-25k,20k-25k 经验3-5年 / 本科,鸿研物流,消费生活 / C轮 / 150-500人,可视化 SQL 数据分析 数据库,“大牛带队 项目奖励 组织扁平”
137,数据分析师,上海,[中山公园],7k-14k,7k-14k 经验3-5年 / 本科,乐麦信息技术（杭州）有限公司,电商 / 不需要融资 / 500-2000人,电商 数据分析,"“五险一金,周末双休,扁平化,电商行业”"
138,高级数据分析师 (MJ001016),上海,[浦东新区],15k-30k,15k-30k 经验3-5年 / 本科,挖财,工具 / D轮及以上 / 500-2000人,数据分析,"“公司平台,晋升空间,弹性工作,节假日福利”"
139,数据分析师,上海,[打浦桥],20k-35k,20k-35k 经验3-5年 / 本科,星合金融科技,"移动互联网,金融 / 不需要融资 / 50-150人",大数据 移动互联网 数据仓库 数据分析,“优秀团队 做五休二 五险一金 节日福利”
140,数据分析,上海,[长宁区],20k-35k,20k-35k 经验5-10年 / 本科,拼多多,"电商,移动互联网 / 上市公司 / 2000人以上",电商 BI SPSS,"“福利待遇好,晋升快,团队氛围好,公司潜力佳”"
141,资深数据分析师,上海,[虹梅路],28k-38k,28k-38k 经验5-10年 / 本科,永辉云创科技有限公司,"电商,消费生活 / D轮及以上 / 2000人以上",新零售 数据分析,“待遇优、空间大、平台好”
142,数据分析师,上海,[城隍庙],15k-20k,15k-20k 经验1-3年 / 本科,美至科技,"移动互联网,消费生活 / A轮 / 50-150人",大数据 数据挖掘 数据分析,"“团队氛围好,挑战与学习,办公环境好”"
143,数据分析,上海,[虹桥],6k-8k,6k-8k 经验不限 / 不限,旺旺集团,"电商,移动互联网 / 上市公司 / 2000人以上",,“有班车、食堂；零食福利”
144,数据分析,上海,[四平路],10k-20k,10k-20k 经验1-3年 / 本科,掌门1对1在线教育,"移动互联网,教育 / D轮及以上 / 2000人以上",数据处理,"“技术大牛,年轻团队,弹性工作,14薪”"
145,高级数据分析师,上海,[南码头],12k-18k,12k-18k 经验3-5年 / 本科,韩创科技,"移动互联网,文娱丨内容 / 不需要融资 / 500-2000人",商业 数据分析 SQL,“五险一金 周末双休 绩效奖金 带薪年假”
146,初级数据分析师-数据分析与建模方向,上海,[人民广场],20k-40k,20k-40k 经验3-5年 / 本科,ZRobot,"数据服务,企业服务 / 未融资 / 50-150人",建模 深度学习 机器学习 数据挖掘,"“五险一金,补充医疗,节日福利,带薪年假”"
147,资深数据分析（顺风车）(J10430),上海,[闵行区],25k-40k,25k-40k 经验5-10年 / 本科,哈啰出行,"移动互联网,硬件 / D轮及以上 / 2000人以上",本地生活,“期权激励；亲情假；”
148,数据分析师,上海,[龙华],10k-18k,10k-18k 经验1-3年 / 本科,旖美科技,"数据服务,金融 / A轮 / 150-500人",BI 数据分析 数据运营 SQL,“氛围和谐 老大靠谱”
149,数据分析师,上海,[外滩],15k-25k,15k-25k 经验1-3年 / 本科,前隆科技,金融 / B轮 / 500-2000人,大数据 BI 数据分析 SPSS,“薪资待遇好，发展空间大，资深大咖带你飞”
150,数据分析师,上海,[新天地],10k-20k,10k-20k 经验1-3年 / 本科,小红书,消费生活 / D轮及以上 / 500-2000人,电商 BI 数据分析 数据运营 SQL,“年底多薪 福利超好 成长超快”
151,数据分析师（广告方向）,上海,[长宁区],20k-40k,20k-40k 经验3-5年 / 本科,拼多多,"电商,移动互联网 / 上市公司 / 2000人以上",Hive MySQL 数据分析,“福利待遇好，团队氛围好，公司潜力佳”
152,资深数据分析师,上海,[黄浦区],20k-40k,20k-40k 经验1-3年 / 本科,字节跳动,文娱丨内容 / C轮 / 2000人以上,数据分析,“六险一金，弹性工作，免费三餐，餐补”
153,数据分析经理,上海,[普陀区],25k-45k,25k-45k 经验5-10年 / 本科,叽里呱啦,"移动互联网,教育 / B轮 / 150-500人",可视化 增长黑客 数据分析 BI,"“与牛人一起,团队简单,阿姨做饭”"
154,数据分析师,上海,[凉城],10k-20k,10k-20k 经验3-5年 / 不限,小回音,"移动互联网,社交 / 未融资 / 15-50人",社交 数据分析,"“弹性工作,节日福利,五险一金,免费晚餐”"
155,数据分析师,上海,[镇宁路],18k-25k,18k-25k 经验不限 / 硕士,WESTWELLlab西井科技,"数据服务,硬件 / B轮 / 50-150人",BI 可视化 数据分析 数据运营,"“发展平台,激发潜力,一线福利,团队有爱”"
156,数据分析专家,上海,[浦东新区],25k-50k,25k-50k 经验3-5年 / 本科,趣头条,文娱丨内容 / 上市公司 / 500-2000人,电商 移动互联网 数据分析 数据挖掘,“美女如云，大牛云集”
157,数据分析师（用户增长）,上海,[闵行区],15k-30k,15k-30k 经验3-5年 / 本科,上海砸立,"移动互联网,电商 / B轮 / 50-150人",电商 数据架构 数据分析 数据处理,"“创新项目,成长空间,年轻团队,潮流文化”"
158,高级数据分析师,上海,[浦东新区],20k-40k,20k-40k 经验3-5年 / 本科,Teambition,"移动互联网,企业服务 / B轮 / 150-500人",大数据 BI 数据分析,"“团队优秀,定位明确,年息双薪”"
159,数据分析工程师,上海,[江湾],15k-30k,15k-30k 经验3-5年 / 本科,虎扑,"移动互联网,文娱丨内容 / D轮及以上 / 150-500人",大数据 数据分析,"“平台广阔,团队靠谱,激励优厚”"
160,数据分析-客服中心(J10558),上海,[闵行区],15k-25k,15k-25k 经验3-5年 / 本科,哈啰出行,"移动互联网,硬件 / D轮及以上 / 2000人以上",MySQL Hadoop 数据仓库 数据分析,“五险一金 弹性工作时间 补贴”
161,数据分析工程师,上海,[杨浦区],10k-20k,10k-20k 经验3-5年 / 大专,GeexFinance,金融 / A轮 / 150-500人,数据分析,“晋升空间”
162,数据分析师,上海,[闵行区],12k-17k,12k-17k 经验1-3年 / 本科,华住酒店集团,"旅游,消费生活 / 上市公司 / 2000人以上",数据分析,“上市公司，五险一金”
163,数据分析师-SH,上海,[中山公园],8k-15k,8k-15k 经验1-3年 / 本科,彪洋科技,移动互联网 / 不需要融资 / 150-500人,数据分析 SPSS,"“数据库,数据支持,SQL语句,数据洞察力”"
164,数据分析师,上海,[天山路],13k-25k,13k-25k 经验1-3年 / 本科,瓴里网络,移动互联网 / A轮 / 50-150人,数据分析 SQL,"“年底双薪,开放自由,弹性工作制,免费咖啡”"
165,数据分析师（智能客服方向）,上海,[长宁区],20k-40k,20k-40k 经验3-5年 / 本科,拼多多,"电商,移动互联网 / 上市公司 / 2000人以上",电商 数据分析 SQLServer Hive,“成长空间”
166,资深数据分析师,上海,[张江],15k-25k,15k-25k 经验3-5年 / 本科,泛为,"移动互联网,广告营销 / 不需要融资 / 150-500人",SQL 数据分析 数据库,"“五险一金,员工旅游,餐饮补贴,弹性工作”"
167,数据分析师,上海,[北新泾],15k-30k,15k-30k 经验1-3年 / 本科,携程,旅游 / 上市公司 / 2000人以上,数据分析 数据库,“五险一金 节假日福利 带薪年假 年终奖”
168,数据分析师,上海,[周家嘴路],10k-20k,10k-20k 经验3-5年 / 本科,前隆科技,金融 / B轮 / 500-2000人,风控,“五险一金 法定假期 定期体检”
169,数据分析师,上海,[四平路],10k-20k,10k-20k 经验1-3年 / 本科,掌门1对1在线教育,"移动互联网,教育 / D轮及以上 / 2000人以上",广告营销 数据分析 数字营销,“14薪 员工旅游 定期体检 五险一金”
170,数据分析师,上海,[南京东路],20k-30k,20k-30k 经验5-10年 / 本科,汉德森日用保健品（上海）有限公司,"电商,消费生活 / 不需要融资 / 150-500人",电商 新零售 数据分析 SQL DBA 数据库,“补充公积金、商业保险、带薪病假、带薪年假”
171,数据分析-连信,上海,[浦东新区],25k-35k,25k-35k 经验1-3年 / 不限,掌门集团,"移动互联网,消费生活 / B轮 / 500-2000人",移动互联网,"“股票期权,弹性工作”"
172,数据分析工程师,上海,[静安区],10k-15k,10k-15k 经验1-3年 / 本科,名片全能王,移动互联网 / C轮 / 150-500人,大数据 移动互联网,“五险一金 扁平化管理”
173,数据分析专员-人工智能方向,上海,[长宁区],7k-9k,7k-9k 经验不限 / 大专,麦图科技,数据服务 / A轮 / 15-50人,大数据 MySQL,“股票期权，带薪年假，弹性工作，扁平管理”
174,资深数据分析师,上海,[杨浦区],10k-20k,10k-20k 经验3-5年 / 本科,GeexFinance,金融 / A轮 / 150-500人,风控,"“精英团队,优渥薪资,高速发展,大数据分析”"
175,解决方案顾问/售前顾问 / 数据分析师,上海,[虹梅路],15k-30k,15k-30k 经验3-5年 / 本科,观远数据,"企业服务,数据服务 / A轮 / 50-150人",大数据 金融 数据分析,"“成长空间,牛人团队,独挡一面,期权激励”"
176,资深数据分析,上海,[浦东新区],25k-50k,25k-50k 经验3-5年 / 本科,趣头条,文娱丨内容 / 上市公司 / 500-2000人,数据分析 数据处理,"“最高20薪,六险一金,餐补，技术分享”"
177,资深数据分析师,上海,[南方商城],25k-30k,25k-30k 经验5-10年 / 本科,途虎养车网,汽车丨出行 / D轮及以上 / 2000人以上,SQL BI 可视化 数据分析,“扁平化管理”
178,高级数据分析师,上海,[长宁区],15k-30k,15k-30k 经验3-5年 / 本科,算话智能科技有限公司,"数据服务,移动互联网 / B轮 / 50-150人",大数据 移动互联网 数据分析,“优秀团队、绩效奖金、福利津贴、定期体检”
179,数据分析师,上海,[徐家汇],9k-18k,9k-18k 经验不限 / 本科,久谦咨询,"企业服务,数据服务 / 未融资 / 50-150人",数据分析,"“薪资高,待遇高,发展平台好”"
180,数据分析师（平台治理方向）,上海,[长宁区],15k-30k,15k-30k 经验1年以下 / 本科,拼多多,"电商,移动互联网 / 上市公司 / 2000人以上",游戏 大数据 数据挖掘 数据分析,"“平台好,大牛多,薪资待遇佳”"
181,数据分析师-杭州/上海-01685,上海,[斜土路],10k-20k,10k-20k 经验1-3年 / 不限,同盾科技,"信息安全,数据服务 / C轮 / 500-2000人",信贷风险管理 风控 风险分析,“六险一金、双休、节日福利、旅游、免费零食”
182,数据分析经理,上海,[徐汇区],20k-30k,20k-30k 经验3-5年 / 本科,字节跳动,文娱丨内容 / C轮 / 2000人以上,数据分析,“六险一金，餐补，租房补贴，带薪休假”
183,数据分析leader,上海,[张江],35k-65k,35k-65k 经验5-10年 / 本科,上海腾聘,"移动互联网,数据服务 / B轮 / 50-150人",移动互联网,"“发展空间,薪资给力,期权”"
184,数据分析专家,上海,[长征],25k-35k,25k-35k 经验5-10年 / 本科,饿了么,消费生活 / D轮及以上 / 2000人以上,SQL BI 可视化 数据分析,“13薪、福利旅游、扁平化管理”
185,数据分析经理,上海,[闵行区],26k-40k,26k-40k 经验5-10年 / 不限,哈啰出行,"移动互联网,硬件 / D轮及以上 / 2000人以上",大数据 数据挖掘 Hadoop 数据分析,"“14薪,E轮,期权奖励”"
186,08215W-数据分析开发工程师,上海,[陆家嘴],15k-30k,15k-30k 经验3-5年 / 本科,平安养老保险股份有限公司,金融 / 上市公司 / 2000人以上,证券/期货 互联网金融 数据分析,"“五险一金,绩效奖金,带薪年假,定期体检”"
187,1121I3-资深数据分析师,上海,[唐镇],15k-30k,15k-30k 经验5-10年 / 本科,平安科技,金融 / 不需要融资 / 2000人以上,金融 大数据 数据仓库 数据分析 数据库开发,"“五险一金,绩效奖金,带薪年假,定期体检”"
188,高级数据分析师,上海,[虹梅路],15k-25k,15k-25k 经验3-5年 / 本科,鱼泡泡,社交 / B轮 / 150-500人,移动互联网 MySQL 数据分析,"“五险一金,弹性工作,团队氛围好,带薪年假”"
189,数据分析主管,上海,[北新泾],20k-35k,20k-35k 经验3-5年 / 本科,快牛金科,其他 / B轮 / 500-2000人,金融 数据挖掘 数据分析,"“大咖云集,福利好,做五休二,年终奖”"
190,资深数据分析经理,上海,[天山路],25k-50k,25k-50k 经验5-10年 / 本科,交银企服,"移动互联网,金融 / 上市公司 / 2000人以上",数据挖掘 数据分析 数据处理,“银行，国企”
191,数据分析专员,上海,[静安区],8k-15k,8k-15k 经验不限 / 本科,上海印鹰happyeasygo,"电商,旅游 / B轮 / 150-500人",旅游 移动互联网 数据分析 消费者分析 市场分析 海外市场,“五险一金 生日福利 团建 双休”
192,资深数据分析师,上海,[华漕],15k-25k,15k-25k 经验3-5年 / 硕士,携程,旅游 / 上市公司 / 2000人以上,旅游 数据分析 SPSS,“业务数据分析”
193,数据分析实习生,上海,[梅园],10k-20k,10k-20k 经验应届毕业生 / 本科,百融云创,金融 / C轮 / 500-2000人,数据分析,"“年底双薪,带薪休假,年度旅游,绩效奖励”"
194,数据分析/数据科学,上海,[黄浦区],10k-15k,10k-15k 经验1-3年 / 不限,CHARLES & KEITH | PEDRO,"电商,其他 / 不需要融资 / 150-500人",电商 新零售,"“带薪年假,五险一金,年底双薪,发展空间大”"
195,数据分析工程师-效率工程,上海,[七宝],20k-40k,20k-40k 经验不限 / 本科,字节跳动,文娱丨内容 / C轮 / 2000人以上,hadoop,“六险一金，高薪期权，弹性工作，免费三餐”
196,【暑期实习生】数据分析实习生(J10229),上海,[闵行区],4k-6k,4k-6k 经验应届毕业生 / 本科,哈啰出行,"移动互联网,硬件 / D轮及以上 / 2000人以上",数据分析,“转正留用机会，互联网，出行”
197,贷后数据分析,上海,[张江],12k-20k,12k-20k 经验1-3年 / 本科,奇虎360金融,金融 / 上市公司 / 500-2000人,风控 信贷风险管理,“工作氛围好”
198,数据分析实习生,上海,[长宁区],3k-5k,3k-5k 经验不限 / 本科,算话智能科技有限公司,"数据服务,移动互联网 / B轮 / 50-150人",大数据 数据分析,“优秀团队、绩效奖金、福利津贴、定期体检”
199,数据分析师助理,上海,[黄浦区],5k-8k,5k-8k 经验不限 / 本科,一面数据,"移动互联网,数据服务 / A轮 / 50-150人",大数据,“大数据人工智能；名校系大牛；技术氛围浓”
200,数据分析经理（金融科技）,上海,[天山路],15k-30k,15k-30k 经验5-10年 / 本科,交银企服,"移动互联网,金融 / 上市公司 / 2000人以上",银行 MySQL 数据分析,“银行，国企”
201,数据分析专家,上海,[长征],20k-40k,20k-40k 经验5-10年 / 本科,饿了么,消费生活 / D轮及以上 / 2000人以上,SQLServer 数据分析,“数据分析”
202,中级数据分析师,上海,[浦东新区],15k-25k,15k-25k 经验1-3年 / 本科,长投学堂,移动互联网 / A轮 / 150-500人,数据分析,“扁平化管理 、带薪年假、季度团建”
203,高级数据分析师,上海,[张江],30k-60k,30k-60k 经验5-10年 / 本科,趣头条,文娱丨内容 / 上市公司 / 500-2000人,移动互联网,“大牛多 上市公司 福利好”
204,数据分析工程师/专家（市场流量）,上海,[浦东新区],10k-15k,10k-15k 经验1-3年 / 本科,拍拍贷,金融 / 上市公司 / 2000人以上,MySQL 数据分析,“优秀团队，快速发展，核心业务”
205,高级数据分析师,上海,[场中路],10k-15k,10k-15k 经验3-5年 / 本科,宝尊电商,企业服务 / 上市公司 / 2000人以上,电商 大数据,“六险一金上市公司加班补贴 绩效奖金全勤奖”
206,高级数据分析师,上海,[徐汇区],25k-40k,25k-40k 经验3-5年 / 本科,触宝,"移动互联网,数据服务 / 上市公司 / 500-2000人",移动互联网 商业 数据分析 增长黑客 可视化,“美股上市公司，团队牛人多”
207,数据分析师,上海,[北新泾],12k-22k,12k-22k 经验3-5年 / 本科,京东物流,物流丨运输 / 上市公司 / 2000人以上,SQL 数据分析,“大平台，餐补”
208,高级数据分析师,上海,[张江],25k-30k,25k-30k 经验3-5年 / 硕士,Coupang,"移动互联网,消费生活 / 不需要融资 / 150-500人",电商 SQL 商业 数据分析 可视化,“非996 外资电商公司 好的发展前景”
209,业务数据分析,上海,[长宁区],15k-30k,15k-30k 经验3-5年 / 本科,美团点评,消费生活 / 上市公司 / 2000人以上,数据分析,“平台好，发展空间大”
210,数据分析经理,上海,[徐汇区],30k-50k,30k-50k 经验1-3年 / 本科,字节跳动,文娱丨内容 / C轮 / 2000人以上,数据分析,“15薪+1000餐补/月1000房补/月”
211,数据分析leader（信贷风控）-00888,上海,[斜土路],25k-35k,25k-35k 经验5-10年 / 本科,同盾科技,"信息安全,数据服务 / C轮 / 500-2000人",银行 数据挖掘 数据分析,"“五险一金,带薪年假,弹性工作,商业保险”"
212,数据分析主管（客服部门）,上海,[黄浦区],15k-20k,15k-20k 经验5-10年 / 本科,上海瑞阙文化发展有限公司,"移动互联网,金融 / 不需要融资 / 150-500人",数据分析 数据运营 数据库 SQL,"“五险一金,弹性工作,带薪病假,免费晚餐”"
213,高级数据分析师/数据分析专家,上海,[浦东新区],30k-40k,30k-40k 经验3-5年 / 硕士,长投学堂,移动互联网 / A轮 / 150-500人,大数据 数据分析,“平台好，发展空间大”
214,资深数据分析专员,上海,[长征],30k-40k,30k-40k 经验5-10年 / 本科,饿了么,消费生活 / D轮及以上 / 2000人以上,大数据 商业 数据分析 SPSS,"“弹性工作,互联网氛围,福利待遇优,大平台”"
215,数据分析经理,上海,[北新泾],20k-40k,20k-40k 经验3-5年 / 本科,携程,旅游 / 上市公司 / 2000人以上,BI 数据分析 数据库 DBA,“旅游老大等你来~”
216,业务数据分析师,上海,[复旦大学],15k-20k,15k-20k 经验3-5年 / 本科,爱回收,"电商,消费生活 / D轮及以上 / 2000人以上",电商 数据分析 数据运营,"“独角兽公司,发展空间大,核心业务”"
217,高级数据分析师,上海,[四平路],25k-40k,25k-40k 经验5-10年 / 本科,Hypers,移动互联网 / 上市公司 / 50-150人,大数据 数据分析,"“成长空间大,大牛多,氛围好,领导优”"
218,业务数据分析,上海,[莘庄],20k-35k,20k-35k 经验5-10年 / 本科,哈啰出行,"移动互联网,硬件 / D轮及以上 / 2000人以上",数据分析,"“领导好,平台优”"
219,数据分析师,上海,[外滩],20k-35k,20k-35k 经验5-10年 / 本科,众安保险,金融 / 上市公司 / 2000人以上,移动互联网 数据分析 BI 商业 SQL,“团队年轻 福利好”
220,高级数据分析师（流量增长方向）,上海,[虹口足球场],15k-25k,15k-25k 经验3-5年 / 本科,虎扑,"移动互联网,文娱丨内容 / D轮及以上 / 150-500人",数据分析,“发展空间广阔、晋升完善、地铁周边、大平台”
221,高级数据分析师,上海,[田林],1k-2k,1k-2k 经验5-10年 / 本科,宜家,消费生活 / 不需要融资 / 2000人以上,数据分析 可视化 SQL,“员工餐厅 企业年金 超长年假 外企福利”
222,资深数据分析师,上海,[长征],30k-55k,30k-55k 经验5-10年 / 本科,威斯科技,移动互联网 / 未融资 / 50-150人,数据分析 SQLServer 数据处理,“发展空间大，薪资待遇优厚”
223,11217R-高级数据分析师（GBD）,上海,[东外滩],15k-30k,15k-30k 经验3-5年 / 硕士,平安科技,金融 / 不需要融资 / 2000人以上,大数据 金融,"“五险一金,绩效奖金,加班补助,交通补助”"
224,高级数据分析师,上海,[田林],15k-30k,15k-30k 经验3-5年 / 本科,关爱通,"电商,企业服务 / 未融资 / 150-500人",数据分析,“福利好 假期多”
225,商业化数据分析师,上海,[徐汇区],20k-40k,20k-40k 经验3-5年 / 本科,字节跳动,文娱丨内容 / C轮 / 2000人以上,数据分析,“六险一金，弹性工作，免费三餐，租房补贴”
226,数据分析专家（信贷风控）-01364,上海,[斜土路],20k-30k,20k-30k 经验3-5年 / 本科,同盾科技,"信息安全,数据服务 / C轮 / 500-2000人",Hive MySQL 数据分析,“五险一金、绩效奖金、带薪年假、行业前沿”
227,数据分析师,上海,[外滩],20k-35k,20k-35k 经验3-5年 / 本科,众安保险,金融 / 上市公司 / 2000人以上,数据库 数据分析 SQL,“行业前景好 发展空间大”
228,高级数据分析师,上海,[张江],15k-30k,15k-30k 经验3-5年 / 本科,长投学堂,移动互联网 / A轮 / 150-500人,数据分析,“扁平化管理 季度团建 带薪年假”
229,高级数据分析师,上海,[田林],1k-2k,1k-2k 经验5-10年 / 本科,宜家,消费生活 / 不需要融资 / 2000人以上,电商 新零售 数据分析 数据运营 SQL,“员工餐厅 企业年金 超长年假 外企福利”
230,数据分析负责人,上海,[张江],60k-100k,60k-100k 经验5-10年 / 本科,趣头条,文娱丨内容 / 上市公司 / 500-2000人,电商 数据分析,“薪资待遇好，全年基本上16薪以上。”
231,业务数据分析,上海,[虹桥],6k-8k,6k-8k 经验不限 / 不限,旺旺集团,"电商,移动互联网 / 上市公司 / 2000人以上",其他 数据分析,“节日福利、七天年假、员工班车、加班工资”
232,数据分析专家/经理,上海,[鲁班路],30k-45k,30k-45k 经验5-10年 / 本科,爱库存,"移动互联网,电商 / B轮 / 500-2000人",新零售 电商 数据分析 MySQL 数据仓库,“年终奖 独角兽 弹性工作 午晚餐”
233,高级数据分析师(J10257),上海,[世纪公园],15k-25k,15k-25k 经验5-10年 / 本科,河姆渡电子商务有限公司,电商 / A轮 / 500-2000人,数据分析,"“福利丰厚,晋升空间大”"
234,高级数据分析师,上海,[杨浦区],15k-30k,15k-30k 经验3-5年 / 本科,哔哩哔哩,"移动互联网,文娱丨内容 / 上市公司 / 2000人以上",社交,“空间大”
235,高级数据分析师,上海,[静安寺],15k-20k,15k-20k 经验3-5年 / 本科,Gridsum 国双,"数据服务,企业服务 / 上市公司 / 500-2000人",大数据 媒体 数据挖掘 数据分析,“大数据上市公司，氛围好，牛人多”
236,高级数据分析师,上海,[漕河泾],15k-20k,15k-20k 经验3-5年 / 本科,Shopee,电商 / 上市公司 / 2000人以上,电商 SQL 数据分析 可视化,“领航电商，六险一金，15天带薪年假”
237,薪酬数据分析岗,上海,[黄浦区],20k-40k,20k-40k 经验3-5年 / 本科,小红书,消费生活 / D轮及以上 / 500-2000人,HR 薪酬福利 人力资源,“免费三餐，带薪年假，管理扁平”
238,业务数据分析(J10479),上海,[闵行区],25k-45k,25k-45k 经验3-5年 / 本科,哈啰出行,"移动互联网,硬件 / D轮及以上 / 2000人以上",数据分析,“五险一金 弹性工作时间 补贴”
239,数据分析岗,上海,[东外滩],10k-20k,10k-20k 经验5-10年 / 本科,永诚保险,"金融,移动互联网 / 上市公司 / 2000人以上",数据分析,“带薪年假/定期体检/餐补/交通通讯补助/”
240,商业化数据分析师,上海,[徐汇区],15k-30k,15k-30k 经验3-5年 / 本科,字节跳动,文娱丨内容 / C轮 / 2000人以上,移动互联网 数据分析,“六险二金 餐补 租房补贴 岗位晋升”
241,业务数据分析,上海,[虹桥],6k-8k,6k-8k 经验1-3年 / 大专,旺旺集团,"电商,移动互联网 / 上市公司 / 2000人以上",数据分析 SPSS,“节日福利、七天年假、员工班车、加班工资”
242,高级数据分析（机器学习方向）,上海,[北新泾],20k-35k,20k-35k 经验3-5年 / 本科,携程,旅游 / 上市公司 / 2000人以上,大数据 旅游 数据分析 SQL,“五险一金 年终奖金 绩效奖金 餐补 体检”
243,数据分析师,上海,[四平路],10k-20k,10k-20k 经验3-5年 / 本科,上海众调科技,移动互联网 / A轮 / 50-150人,汽车 金融 数据分析,"“交通便利,晋升空间,专家氛围,发展前景”"
244,高级商业分析师/高级数据分析师,上海,[浦东新区],20k-40k,20k-40k 经验3-5年 / 本科,上海你我贷互联网金融信息服务,金融 / 上市公司 / 500-2000人,数据分析,“纳斯达克上市公司 职位上升空间大”
245,高级数据分析师,上海,[陆家嘴],25k-40k,25k-40k 经验5-10年 / 本科,Oriente,"移动互联网,金融 / B轮 / 500-2000人",SQL 数据分析,“补贴，培训基金，期权，五险一金，出国旅游”
246,高级数据分析,上海,[吴淞],8k-12k,8k-12k 经验1-3年 / 本科,微盟,企业服务 / 上市公司 / 2000人以上,数据分析 市场分析 市场竞争分析 行业分析,"“平台大,产品线多,大牛多,弹性工作时间”"
247,高级数据分析师(J10898),上海,[四平路],15k-19k,15k-19k 经验1-3年 / 本科,维信金融科技集团,金融 / 上市公司 / 2000人以上,互联网金融 数据分析,“团队优秀 发展平台优秀”
248,高级数据分析师,上海,[佘山],18k-32k,18k-32k 经验3-5年 / 本科,微创软件,"企业服务,移动互联网 / 不需要融资 / 2000人以上",数据分析,“技术新颖；有发展、有前景；晋升机会多；”
249,数据分析师(J10040),上海,[长宁区],8k-10k,8k-10k 经验1-3年 / 本科,上海百秋,"电商,企业服务 / 未融资 / 500-2000人",电商,“五险一金，带薪病假，员工团建”
250,高级数据分析工程师,上海,[徐汇区],20k-30k,20k-30k 经验5-10年 / 本科,摩天轮,"移动互联网,电商 / C轮 / 150-500人",电商 BI 可视化 数据分析 SQL,“发展空间”
251,资深数据分析师,上海,[徐家汇],25k-30k,25k-30k 经验5-10年 / 本科,凹凸租车,"移动互联网,电商 / C轮 / 500-2000人",本地生活 汽车 数据分析 SQL 商业,“做五休二 办公环境佳”
252,高级数据分析师,上海,[长宁区],15k-30k,15k-30k 经验3-5年 / 本科,爱奇艺,文娱丨内容 / 上市公司 / 2000人以上,移动互联网 数据分析 数据运营,“高绩效奖金 弹性工作时间 高大上工作环境”
253,数据分析师,上海,[松江区],15k-30k,15k-30k 经验3-5年 / 本科,巨人网络,游戏 / 上市公司 / 500-2000人,游戏 大数据 数据分析,“一流的办公环境 福利待遇优厚 发展平台”
254,数据分析岗,上海,[龙华],15k-20k,15k-20k 经验3-5年 / 本科,平安健康互联网,"移动互联网,医疗丨健康 / 上市公司 / 2000人以上",BI 数据分析,“上市公司，互联网医疗，独角兽，薪资福利佳”
255,高级数据分析师,上海,[徐汇区],15k-30k,15k-30k 经验3-5年 / 硕士,字节跳动,文娱丨内容 / C轮 / 2000人以上,数据分析,“弹性工作，晋升空间，团队氛围好”
256,高级数据分析师,上海,[四川北路],15k-20k,15k-20k 经验3-5年 / 本科,维信金融科技集团,金融 / 上市公司 / 2000人以上,数据分析,“上市公司，带薪年假，试用期全薪，年终多薪”
257,手游数据分析师,上海,[浦东新区],10k-18k,10k-18k 经验3-5年 / 本科,五四互娱,游戏 / 未融资 / 150-500人,游戏 数据分析 商业,“游戏氛围 节假日福利 交通餐补”
258,高级数据分析经理,上海,[平凉路],30k-50k,30k-50k 经验5-10年 / 硕士,达达-京东到家,消费生活 / D轮及以上 / 2000人以上,电商 移动互联网 数据分析 BI 增长黑客（GrowthHacking）,"“数据分析,经理,管理20+”"
259,数据分析,上海,[漕宝路],20k-23k,20k-23k 经验5-10年 / 本科,盖洛普,"电商,企业服务 / 未融资 / 15-50人",大数据 数据运营,“朝九晚五 福利好”
260,数据分析师（市场研究）,上海,[五角场],8k-10k,8k-10k 经验1-3年 / 大专,上海晏鼠计算机技术有限公司,"移动互联网,电商 / 不需要融资 / 15-50人",大数据 数据分析 SPSS,“周末双休、五险一金、员工旅游”
261,数据分析师,上海,[梅川路],4K-5K,4K-5K 经验1年以下 / 本科,点启资产,金融 / 不需要融资 / 少于15人,数据分析,“学习期权知识”
262,广告数据分析师,上海,[漕河泾],10k-20k,10k-20k 经验3-5年 / 本科,拾梦文化,"游戏,移动互联网 / A轮 / 50-150人",广告创意 广告协调,"“老板好,福利好,团建多”"
263,数据分析师,上海,[陕西南路],5k-9k,5k-9k 经验1-3年 / 本科,智将广告,"移动互联网,电商 / B轮 / 50-150人",数据分析 SPSS,"“明星娱乐,粉丝运营,市中心上班”"
264,数据分析师,上海,[梅园],15k-25k,15k-25k 经验1-3年 / 硕士,七炅信息,"金融,企业服务 / 天使轮 / 15-50人",大数据 保险,"“领导好,公司发展好,员工成长快”"
265,资深数据分析师,上海,[梅园],15k-30k,15k-30k 经验3-5年 / 本科,百融云创,金融 / C轮 / 500-2000人,金融,"“六险一金,带薪年假,绩效奖金”"
266,数据分析师,上海,[闵行区],8k-10k,8k-10k 经验1年以下 / 本科,聪盛网络,"游戏,移动互联网 / A轮 / 150-500人",移动互联网 大数据 数据分析 数据运营,"“交通补贴,饭补,项目好,下午茶”"
267,数据分析师,上海,[静安区],8k-15k,8k-15k 经验1-3年 / 本科,吃饱了,"移动互联网,电商 / 天使轮 / 15-50人",电商 商业 数据运营 数据分析 SQL,"“美食多多,弹性上班,免费体检，六险一金”"
268,数据分析师,上海,[虹口足球场],10k-15k,10k-15k 经验1年以下 / 本科,上海寰易,"金融,企业服务 / 上市公司 / 150-500人",物流 大数据 可视化 增长黑客 数据运营 数据库,“亿级数据 大牛指导”
269,数据分析工程师,上海,[龙华],20k-28k,20k-28k 经验3-5年 / 本科,平安健康互联网,"移动互联网,医疗丨健康 / 上市公司 / 2000人以上",医疗健康 移动互联网,“世界500强、晋升空间大、福利待遇好”
270,高级数据分析经理,上海,[平凉路],30k-50k,30k-50k 经验5-10年 / 本科,达达-京东到家,消费生活 / D轮及以上 / 2000人以上,新零售 本地生活 BI 数据分析,“处在风口的发展平台，牛逼的团队”
271,数据分析师,上海,[梅园],10k-20k,10k-20k 经验3-5年 / 本科,百融云创,金融 / C轮 / 500-2000人,数据分析,"“年底双薪,绩效奖金,补充医疗”"
272,数据分析,上海,[花木],20k-30k,20k-30k 经验3-5年 / 本科,星魄科技,"企业服务,硬件 / 未融资 / 少于15人",增长黑客 BI 可视化,“五险一金”
273,数据分析师,上海,[浦东新区],13k-25k,13k-25k 经验1-3年 / 本科,萨摩耶金服,金融 / C轮 / 150-500人,大数据 金融 数据分析,"“晋升快,氛围好,商业医疗险,补充公积金”"
274,广告数据分析师,上海,[长宁区],20k-35k,20k-35k 经验3-5年 / 本科,爱奇艺,文娱丨内容 / 上市公司 / 2000人以上,数据分析,“发展前景好”
275,游戏数据分析,上海,[徐汇区],20k-40k,20k-40k 经验1-3年 / 本科,上海米哈游,"移动互联网,游戏 / 不需要融资 / 500-2000人",游戏 数据分析 SPSS,"“扁平化,知名项目,年底多薪,六险一金”"
276,数据分析师,上海,[徐汇区],10k-20k,10k-20k 经验应届毕业生 / 本科,CraiditX,"金融,数据服务 / B轮 / 50-150人",大数据 数据挖掘 数据分析,"“AI技术,福利优厚,精英团队,弹性工作制”"
277,模型数据分析师 (MJ000055),上海,[长宁区],15k-25k,15k-25k 经验3-5年 / 本科,信用飞/首付游,移动互联网 / B轮 / 150-500人,风控 风险管理 风险评估,“专业培训、扁平管理、晋升通畅、成长空间大”
278,广告数据分析师,上海,[闵行区],15k-25k,15k-25k 经验1-3年 / 不限,莉莉丝游戏,"移动互联网,游戏 / 不需要融资 / 150-500人",游戏,“精英团队；境外团建；千万级用户”
279,可视化数据分析,上海,[张江],6k-8k,6k-8k 经验1-3年 / 本科,海万科技,"移动互联网,金融 / 不需要融资 / 500-2000人",MySQL 数据处理,“五险一金　　　年终奖　　　体检旅游　　　”
280,游戏数据分析师,上海,[徐汇区],20k-30k,20k-30k 经验3-5年 / 本科,字节跳动,文娱丨内容 / C轮 / 2000人以上,数据分析,“弹性工作，免费三餐，租房补贴，带薪休假”
281,数据分析师,上海,[上海电视台],10k-15k,10k-15k 经验1-3年 / 本科,上海第一财经数据,移动互联网 / D轮及以上 / 150-500人,电商 直播 数据分析,"“补充公积金,弹性工作制,补充医疗,年终奖”"
282,数据分析工程师,上海,[南京东路],18k-30k,18k-30k 经验3-5年 / 本科,众安保险,金融 / 上市公司 / 2000人以上,数据分析,“年终奖丰厚、扁平化管理、活动多多”
283,数据分析师,上海,[外滩],10k-20k,10k-20k 经验1-3年 / 本科,信用生活,"移动互联网,金融 / A轮 / 50-150人",银行 SQL 数据库 数据分析,“晋升空间大”
284,（资深）数据分析经理,上海,[漕宝路],20k-40k,20k-40k 经验5-10年 / 不限,Alten China,硬件 / 上市公司 / 2000人以上,数据分析 数据挖掘,“年终奖 五险一金 平台”
285,游戏数据分析师（海外）,上海,[徐汇区],15k-30k,15k-30k 经验3-5年 / 本科,上海米哈游,"移动互联网,游戏 / 不需要融资 / 500-2000人",游戏 BI 数据分析,"“六险一金,年度旅游,带薪休假,扁平化”"
286,财务数据分析,上海,[静安区],15k-25k,15k-25k 经验3-5年 / 本科,淘集集,电商 / B轮 / 500-2000人,电商 分析,“福利待遇、发展前景、公司氛围”
287,数据分析经理,上海,[龙华],21k-35k,21k-35k 经验5-10年 / 本科,平安健康互联网,"移动互联网,医疗丨健康 / 上市公司 / 2000人以上",数据分析 数据运营,“500强平台 互联网医疗独角兽”
288,数据分析专家,上海,[南京东路],25k-40k,25k-40k 经验5-10年 / 本科,众安保险,金融 / 上市公司 / 2000人以上,Oracle SQLServer 数据分析,"“薪资优厚,福利多多,扁平管理=，奖金丰厚”"
289,数据分析师,上海,[华漕],25k-40k,25k-40k 经验应届毕业生 / 不限,阿里巴巴-新零售技术事业群,电商 / 上市公司 / 2000人以上,数据分析,"“阿里巴巴，完善福利,技术导向”"
290,数据分析,上海,[金桥],8k-15k,8k-15k 经验不限 / 本科,上海南棠实业有限公司,电商 / 不需要融资 / 150-500人,电商 移动互联网 数据运营,“五险一金、带薪年假、专业培训、发展空间”
291,数据分析实习生,上海,[八佰伴],3k-5k,3k-5k 经验应届毕业生 / 本科,PINTEC,"移动互联网,金融 / 上市公司 / 150-500人",SQLServer,"“弹性工作,六险一金,补充医疗,带薪休假”"
292,风险数据分析师 (MJ001721),上海,[新天地],15k-30k,15k-30k 经验3-5年 / 本科,欢聚时代（YY Inc）,文娱丨内容 / 上市公司 / 2000人以上,移动互联网 风控,"“福利多,平台大”"
293,数据分析经理,上海,[天目西路],20k-30k,20k-30k 经验5-10年 / 本科,颖通贸易,"消费生活,其他 / 不需要融资 / 500-2000人",新零售 电商 可视化 数据分析,“集国际一线品牌，平台大前景好，年假多”
294,数据分析师,上海,[北新泾],8k-15k,8k-15k 经验不限 / 硕士,神州数码,"硬件,数据服务 / 上市公司 / 500-2000人",数据分析 商业,"“上市公司,平台广阔,项目机会,机遇晋升”"
295,数据分析师,上海,[陆家嘴],15k-25k,15k-25k 经验3-5年 / 本科,北风网,教育 / C轮 / 150-500人,教育,“五险一金 节假日福利 公司大平台大舞台”
296,数据分析师,上海,[五角场],15k-20k,15k-20k 经验3-5年 / 本科,卓永健康,"移动互联网,医疗丨健康 / A轮 / 15-50人",大数据 移动互联网 数据分析 数据库 SQL,"“公司前景好,上升空间大”"
297,市场数据分析师,上海,[北新泾],10k-15k,10k-15k 经验1-3年 / 本科,携程,旅游 / 上市公司 / 2000人以上,数据分析 市场,"“国际业务,平台大”"
298,高级数据分析师-SQL,上海,[新天地],10k-15k,10k-15k 经验3-5年 / 本科,蓝色光标欧泰谱,"数据服务,企业服务 / 不需要融资 / 150-500人",广告营销 新零售 SQL 数据分析 可视化 商业,“上市公司，市中心，领导好，氛围好”
299,模型数据分析师 (MJ000118),上海,[长宁区],15k-30k,15k-30k 经验3-5年 / 本科,信用飞/首付游,移动互联网 / B轮 / 150-500人,风控 策略设计,“专业培训、扁平管理、晋升通畅、成长空间大”
300,模型数据分析师 (MJ000118),上海,[长宁区],15k-30k,15k-30k 经验3-5年 / 本科,信用飞/首付游,移动互联网 / B轮 / 150-500人,风控 策略设计,“专业培训、扁平管理、晋升通畅、成长空间大”
301,数据分析（实习）,上海,[张庙],5k-10k,5k-10k 经验应届毕业生 / 本科,百姓网,移动互联网 / 上市公司 / 500-2000人,数据分析,“可留用，免费住宿”
302,客户成功数据分析师,上海,[徐汇区],10k-15k,10k-15k 经验1-3年 / 本科,HARB,企业服务 / B轮 / 50-150人,电商 大数据 数据分析,"“发展空间大,管理扁平,弹性工作,福利好”"
303,数据分析经理,上海,[龙华],40k-60k,40k-60k 经验5-10年 / 本科,平安健康互联网,"移动互联网,医疗丨健康 / 上市公司 / 2000人以上",运营 数据分析,“上市公司 知名互联网企业”
304,数据分析师,上海,[中山公园],8k-16k,8k-16k 经验应届毕业生 / 硕士,艾大,"企业服务,数据服务 / 未融资 / 15-50人",金融 算法 数据挖掘 数据分析,"“专业团队,晋升机会,扁平化管理,带薪年假”"
305,数据分析实习生,上海,[洞泾],3k-5k,3k-5k 经验应届毕业生 / 不限,上海青悦,数据服务 / 不需要融资 / 少于15人,大数据 数据分析 数据挖掘,“海量数据可供练习”
306,数据分析师,上海,[陆家嘴],5k-10k,5k-10k 经验不限 / 硕士,波思代尔,"广告营销,文娱丨内容 / 未融资 / 15-50人",教育 数据分析 SPSS,“工作地点为线上”
307,数据分析师,上海,[浦东新区],18k-36k,18k-36k 经验应届毕业生 / 不限,阿里云,"电商,企业服务 / 上市公司 / 2000人以上",数据分析,“年底时企业向员工发放额外的4个月薪水”
308,高级商业数据分析师,上海,[徐家汇],20k-40k,20k-40k 经验5-10年 / 硕士,Datatist,"数据服务,广告营销 / A轮 / 50-150人",商业 数据分析 数据运营 SQL,"“硅谷团队,发15m,晋升平台,氛围融洽”"
309,硬件数据分析 (MJ003743),上海,[闵行区],13k-25k,13k-25k 经验3-5年 / 本科,哈啰出行,"移动互联网,硬件 / D轮及以上 / 2000人以上",数据挖掘,“五险一金 弹性工作 年终多薪 多次调薪”
310,数据分析（数据清洗）,上海,[张江],12k-17k,12k-17k 经验1-3年 / 本科,第一网校,"教育,移动互联网 / 未融资 / 500-2000人",数据分析 SQL,“加班少 周末双休”
311,数据分析师,上海,[张江],10k-15k,10k-15k 经验1-3年 / 本科,数道科技,数据服务 / 不需要融资 / 15-50人,教育 大数据 数据挖掘 数据分析,"“五险一金,免费班车,年终奖”"
312,数据分析师,上海,[七宝],5k-8k,5k-8k 经验1-3年 / 本科,楷青,"数据服务,企业服务 / 未融资 / 少于15人",大数据 数据挖掘 数据分析,"“弹性,成长,独当一面”"
313,数据分析师,上海,[浦东新区],8k-12k,8k-12k 经验应届毕业生 / 本科,微问家,移动互联网 / B轮 / 150-500人,工具软件 数据运营 SQL BI 可视化,“可转正”
314,数据分析,上海,[虹桥],30k-60k,30k-60k 经验5-10年 / 本科,爱分趣,"电商,金融 / B轮 / 50-150人",股票期权 年底双薪 带薪年假 弹性工作,“福利好”
315,数据分析主管(J10041),上海,[长宁区],10k-15k,10k-15k 经验1-3年 / 本科,上海百秋,"电商,企业服务 / 未融资 / 500-2000人",电商 运营,“五险一金，带薪病假，员工团建”
316,数据分析师,上海,[徐家汇],10k-20k,10k-20k 经验不限 / 硕士,SAS,"企业服务,数据服务 / 不需要融资 / 2000人以上",银行 数据分析,“全球最佳雇主”
317,数据分析专家,上海,[天山路],30k-60k,30k-60k 经验5-10年 / 本科,君尧文化,广告营销 / 天使轮 / 少于15人,商业 BI 可视化 数据分析,“知名互联网公司”
318,数据分析产品经理,上海,[张江],18k-25k,18k-25k 经验3-5年 / 本科,电视猫MoreTV,"移动互联网,硬件 / B轮 / 150-500人",视频 产品策划 智能硬件 数据分析,“团队氛围好，快速成长”
319,数据分析专员,上海,[闵行区],8k-10k,8k-10k 经验1-3年 / 本科,G7,"移动互联网,数据服务 / C轮 / 500-2000人",BI 数据分析,“团队融洽 福利健全 平台好”
320,数据分析师(商业方向，中高级,上海,[淮海路],10k-20k,10k-20k 经验1-3年 / 本科,一面数据,"移动互联网,数据服务 / A轮 / 50-150人",大数据,“大数据人工智能；名校系大牛；技术氛围浓”
321,资深数据分析师,上海,[南京东路],25k-35k,25k-35k 经验5-10年 / 本科,众安保险,金融 / 上市公司 / 2000人以上,MySQL Oracle,"“薪资优厚,福利多多,扁平管理=，奖金丰厚”"
322,高级数据分析师（策略）,上海,[城隍庙],15k-30k,15k-30k 经验3-5年 / 本科,小鑫科技,"移动互联网,金融 / 未融资 / 15-50人",数据分析,“大牛团队”
323,数据分析师实习生,上海,[虹梅路],4k-5k,4k-5k 经验应届毕业生 / 本科,永辉云创科技有限公司,"电商,消费生活 / D轮及以上 / 2000人以上",新零售,“待遇优、空间大、平台好”
324,数据分析专员,上海,[周家嘴路],20k-25k,20k-25k 经验1-3年 / 本科,Evolve,"社交,消费生活 / 上市公司 / 150-500人",大数据 数据分析,“五险一金 弹性工作 年终奖金 节日福利”
325,数据分析师,上海,[漕宝路],15k-25k,15k-25k 经验3-5年 / 本科,盖洛普,"电商,企业服务 / 未融资 / 15-50人",大数据 金融,“国企 大平台 加班少”
326,模型数据分析师,上海,[长宁区],15k-25k,15k-25k 经验1-3年 / 本科,信用飞/首付游,移动互联网 / B轮 / 150-500人,大数据 金融 数据挖掘 数据分析,"“弹性工作,扁平管理,年轻团队,高效透明”"
327,能源数据分析助理研究员,上海,[张江],10k-18k,10k-18k 经验不限 / 硕士,中科院上海高研院,"电商,数据服务 / 不需要融资 / 500-2000人",大数据,“事业单位”
328,数据分析,上海,[华漕],6k-12k,6k-12k 经验不限 / 不限,亿泽ETBI,"数据服务,企业服务 / 不需要融资 / 50-150人",房产服务 企业服务 BI 可视化 数据库,“五险一金，年终分红。”
329,数据分析师,上海,[徐家汇],7k-10k,7k-10k 经验1-3年 / 本科,啊哈,移动互联网 / 未融资 / 少于15人,大数据,“发展前途好”
330,数据分析师（远程）,上海,[莘庄],8k-15k,8k-15k 经验不限 / 硕士,镭锐教育科技,教育 移动互联网 / 未融资 / 少于15人,数据分析 数据库 BI,“远程上班，通过微信或者QQ联系客户。”
331,数据分析师,上海,[杨浦区],10k-18k,10k-18k 经验1-3年 / 硕士,玳鸽,"企业服务,区块链 / A轮 / 50-150人",大数据 移动互联网,“团建旅游 企业培训”
332,数据分析实习,上海,[普陀区],2k-3k,2k-3k 经验应届毕业生 / 大专,晨哨网,金融 / 天使轮 / 15-50人,大数据,“弹性时间”
333,2019校招-数据分析师（社会化媒体）,上海,[金沙江路],6k-8k,6k-8k 经验应届毕业生 / 本科,AdMaster,数据服务 / 不需要融资 / 500-2000人,广告营销 汽车 营销 数据分析 行业分析 市场分析,"“发展空间大,福利待遇好,专业化培训,升职迅速”"
334,数据分析师,上海,[黄渡],8k-15k,8k-15k 经验1-3年 / 大专,鑫源供应链,物流丨运输 / 不需要融资 / 150-500人,SQL 数据库 数据运营 数据分析,“扁平化管理”
335,数据分析实习生,上海,[莘庄],2k-3k,2k-3k 经验应届毕业生 / 本科,百姓网,移动互联网 / 上市公司 / 500-2000人,SQLServer 数据分析,“一对一导师”
336,25217C-安全数据分析工程师,上海,[浦东新区],13k-26k,13k-26k 经验3-5年 / 本科,陆金所,金融 / B轮 / 2000人以上,数据挖掘,"“五险一金,带薪年假,节日福利,定期体检”"
337,初级数据分析师（实习岗）,上海,[长宁区],4k-8k,4k-8k 经验应届毕业生 / 本科,麦图科技,数据服务 / A轮 / 15-50人,大数据 数据挖掘 数据分析,"“带薪年假,弹性工作,扁平管理”"
338,数据分析师(数据应用方向),上海,[漕河泾],10k-20k,10k-20k 经验3-5年 / 本科,上海滩网,消费生活 / 未融资 / 50-150人,大数据 新零售 数据运营 数据分析 增长黑客,“数据应用与规划”
339,数据分析师,上海,[人民广场],12k-24k,12k-24k 经验不限 / 不限,易恒科技,"移动互联网,数据服务 / 未融资 / 少于15人",大数据 工具软件,“在家办公，薪水每周发放，良好的学习环境”
340,数据分析实习生-钥匙,上海,[浦东新区],3k-4k,3k-4k 经验应届毕业生 / 本科,掌门集团,"移动互联网,消费生活 / B轮 / 500-2000人",移动互联网,"“弹性工作,工作氛围好,福利待遇好”"
341,数据分析实习生,上海,[新闸路],2k-4k,2k-4k 经验应届毕业生 / 硕士,澳汰尔工程软件（上海）有限公司,其他 / C轮 / 150-500人,SQLServer 数据处理,“发展前景好，领导好，弹性工作。”
342,商业数据分析师,上海,[上海电视台],10k-18k,10k-18k 经验3-5年 / 本科,上海第一财经数据,移动互联网 / D轮及以上 / 150-500人,大数据 数据挖掘 数据分析,"“补充公积金,弹性工作制,补充医疗,年终奖”"
343,初级数据分析师,上海,[虹梅路],5k-10k,5k-10k 经验应届毕业生 / 不限,至数,"数据服务,硬件 / A轮 / 15-50人",数据分析,“发展前景好”
344,数据分析实习生,上海,[洞泾],3k-5k,3k-5k 经验不限 / 本科,上海青悦,数据服务 / 不需要融资 / 少于15人,大数据 算法 数据挖掘 数据分析,“海量数据可供练习”
345,SQL数据分析师,上海,[北新泾],15k-25k,15k-25k 经验3-5年 / 本科,京东集团,电商 / 上市公司 / 2000人以上,电商 SQLServer 数据分析,“电商平台业务”
346,数据分析实习,上海,[花木],3k-4k,3k-4k 经验应届毕业生 / 不限,云鹊医疗,"医疗丨健康,移动互联网 / 不需要融资 / 150-500人",医疗健康 数据分析 BI,“有留用机会”
347,数据分析师讲师,上海,[东方路],15k-30k,15k-30k 经验3-5年 / 本科,北风网,"教育,数据服务 / B轮 / 150-500人",教育 数据分析,"“美女多,不需要加班,交通方便,领导很好”"
348,海外广告数据分析师,上海,[虹梅路],15k-25k,15k-25k 经验1-3年 / 本科,90玩,游戏 / 上市公司 / 150-500人,游戏 数据分析 SQL 数据库,"“加班补贴,年终奖,绩效奖,节日福利”"
349,风控数据分析,上海,[普陀区],8k-15k,8k-15k 经验1-3年 / 本科,收钱吧,移动互联网 / C轮 / 500-2000人,数据分析 SQL,“互联网公司氛围 牛逼团队 广阔发展空间”
350,SFJ-大数据挖掘与分析工程师（数据分析方向）,上海,[徐家汇],25k-50k,25k-50k 经验3-5年 / 硕士,顺丰科技有限公司,物流丨运输 / 不需要融资 / 2000人以上,Hive,“弹性工作时间 发展空间大 午餐补贴”
351,BI数据分析师,上海,[静安区],20k-40k,20k-40k 经验5-10年 / 本科,淘集集,电商 / B轮 / 500-2000人,Flink Spark Hadoop 数据分析,“福利待遇、发展前景、公司氛围”
352,数据分析负责人,上海,[张江],40k-70k,40k-70k 经验5-10年 / 本科,为偶,移动互联网 / C轮 / 150-500人,数据分析 数据库开发,“交通+餐补；年终奖；巨头注资；期权”
353,美图商业策略数据分析师,上海,[北京西路],15k-30k,15k-30k 经验3-5年 / 本科,美图公司,硬件 / 上市公司 / 2000人以上,数据分析 市场分析 营销策略,“上市公司 六险一金 核心业务”
354,实习生 - SEO/SEM/数据分析方向,上海,[金杨新村],2k-4k,2k-4k 经验应届毕业生 / 本科,储田商务,"移动互联网,数据服务 / 不需要融资 / 15-50人",运营 SEM SEO 数据分析,"“实战培训,学习补贴,可转正,环境好”"
355,数据分析实习,上海,[莘庄],2k-3k,2k-3k 经验应届毕业生 / 不限,楷青,"数据服务,企业服务 / 未融资 / 少于15人",地图 分类信息,"“弹性,成长,独当一面”"
356,数据分析运营,上海,[长宁区],15k-25k,15k-25k 经验3-5年 / 本科,美团点评,消费生活 / 上市公司 / 2000人以上,运营,“大平台，核心业务”
357,高级数据分析师,上海,[张江],12k-20k,12k-20k 经验3-5年 / 本科,Magic Link,"移动互联网,企业服务 / A轮 / 50-150人",大数据 企业服务 SQLServer 数据处理 数据分析,“弹性工作 周末双休”
358,销售数据分析,上海,[闵行区],6k-8k,6k-8k 经验1-3年 / 大专,旺旺集团,"电商,移动互联网 / 上市公司 / 2000人以上",新零售 数据分析,“数据分析”
359,BI数据分析师,上海,[虹梅路],15k-30k,15k-30k 经验3-5年 / 本科,驰骛科技ChiefClouds,"数据服务,移动互联网 / A轮 / 50-150人",电商 新零售 SQL 数据库 数据分析 可视化,“年度体检免费晚餐额外商保带薪10天年假”
360,SQL数据分析师,上海,[北新泾],15k-25k,15k-25k 经验3-5年 / 本科,京东集团,电商 / 上市公司 / 2000人以上,电商 SQLServer 数据分析,“电商平台业务”
361,数据分析实习,上海,[花木],3k-4k,3k-4k 经验应届毕业生 / 不限,云鹊医疗,"医疗丨健康,移动互联网 / 不需要融资 / 150-500人",医疗健康 数据分析 BI,“有留用机会”
362,数据分析师讲师,上海,[东方路],15k-30k,15k-30k 经验3-5年 / 本科,北风网,"教育,数据服务 / B轮 / 150-500人",教育 数据分析,"“美女多,不需要加班,交通方便,领导很好”"
363,海外广告数据分析师,上海,[虹梅路],15k-25k,15k-25k 经验1-3年 / 本科,90玩,游戏 / 上市公司 / 150-500人,游戏 数据分析 SQL 数据库,"“加班补贴,年终奖,绩效奖,节日福利”"
364,风控数据分析,上海,[普陀区],8k-15k,8k-15k 经验1-3年 / 本科,收钱吧,移动互联网 / C轮 / 500-2000人,数据分析 SQL,“互联网公司氛围 牛逼团队 广阔发展空间”
365,SFJ-大数据挖掘与分析工程师（数据分析方向）,上海,[徐家汇],25k-50k,25k-50k 经验3-5年 / 硕士,顺丰科技有限公司,物流丨运输 / 不需要融资 / 2000人以上,Hive,“弹性工作时间 发展空间大 午餐补贴”
366,BI数据分析师,上海,[静安区],20k-40k,20k-40k 经验5-10年 / 本科,淘集集,电商 / B轮 / 500-2000人,Flink Spark Hadoop 数据分析,“福利待遇、发展前景、公司氛围”
367,数据分析负责人,上海,[张江],40k-70k,40k-70k 经验5-10年 / 本科,为偶,移动互联网 / C轮 / 150-500人,数据分析 数据库开发,“交通+餐补；年终奖；巨头注资；期权”
368,美图商业策略数据分析师,上海,[北京西路],15k-30k,15k-30k 经验3-5年 / 本科,美图公司,硬件 / 上市公司 / 2000人以上,数据分析 市场分析 营销策略,“上市公司 六险一金 核心业务”
369,实习生 - SEO/SEM/数据分析方向,上海,[金杨新村],2k-4k,2k-4k 经验应届毕业生 / 本科,储田商务,"移动互联网,数据服务 / 不需要融资 / 15-50人",运营 SEM SEO 数据分析,"“实战培训,学习补贴,可转正,环境好”"
370,数据分析实习,上海,[莘庄],2k-3k,2k-3k 经验应届毕业生 / 不限,楷青,"数据服务,企业服务 / 未融资 / 少于15人",地图 分类信息,"“弹性,成长,独当一面”"
371,数据分析运营,上海,[长宁区],15k-25k,15k-25k 经验3-5年 / 本科,美团点评,消费生活 / 上市公司 / 2000人以上,运营,“大平台，核心业务”
372,高级数据分析师,上海,[张江],12k-20k,12k-20k 经验3-5年 / 本科,Magic Link,"移动互联网,企业服务 / A轮 / 50-150人",大数据 企业服务 SQLServer 数据处理 数据分析,“弹性工作 周末双休”
373,销售数据分析,上海,[闵行区],6k-8k,6k-8k 经验1-3年 / 大专,旺旺集团,"电商,移动互联网 / 上市公司 / 2000人以上",新零售 数据分析,“数据分析”
374,BI数据分析师,上海,[虹梅路],15k-30k,15k-30k 经验3-5年 / 本科,驰骛科技ChiefClouds,"数据服务,移动互联网 / A轮 / 50-150人",电商 新零售 SQL 数据库 数据分析 可视化,“年度体检免费晚餐额外商保带薪10天年假”
375,SQL数据分析师,上海,[北新泾],15k-25k,15k-25k 经验3-5年 / 本科,京东集团,电商 / 上市公司 / 2000人以上,电商 SQLServer 数据分析,“电商平台业务”
376,数据分析实习,上海,[花木],3k-4k,3k-4k 经验应届毕业生 / 不限,云鹊医疗,"医疗丨健康,移动互联网 / 不需要融资 / 150-500人",医疗健康 数据分析 BI,“有留用机会”
377,数据分析师讲师,上海,[东方路],15k-30k,15k-30k 经验3-5年 / 本科,北风网,"教育,数据服务 / B轮 / 150-500人",教育 数据分析,"“美女多,不需要加班,交通方便,领导很好”"
378,海外广告数据分析师,上海,[虹梅路],15k-25k,15k-25k 经验1-3年 / 本科,90玩,游戏 / 上市公司 / 150-500人,游戏 数据分析 SQL 数据库,"“加班补贴,年终奖,绩效奖,节日福利”"
379,风控数据分析,上海,[普陀区],8k-15k,8k-15k 经验1-3年 / 本科,收钱吧,移动互联网 / C轮 / 500-2000人,数据分析 SQL,“互联网公司氛围 牛逼团队 广阔发展空间”
380,SFJ-大数据挖掘与分析工程师（数据分析方向）,上海,[徐家汇],25k-50k,25k-50k 经验3-5年 / 硕士,顺丰科技有限公司,物流丨运输 / 不需要融资 / 2000人以上,Hive,“弹性工作时间 发展空间大 午餐补贴”
381,BI数据分析师,上海,[静安区],20k-40k,20k-40k 经验5-10年 / 本科,淘集集,电商 / B轮 / 500-2000人,Flink Spark Hadoop 数据分析,“福利待遇、发展前景、公司氛围”
382,数据分析负责人,上海,[张江],40k-70k,40k-70k 经验5-10年 / 本科,为偶,移动互联网 / C轮 / 150-500人,数据分析 数据库开发,“交通+餐补；年终奖；巨头注资；期权”
383,美图商业策略数据分析师,上海,[北京西路],15k-30k,15k-30k 经验3-5年 / 本科,美图公司,硬件 / 上市公司 / 2000人以上,数据分析 市场分析 营销策略,“上市公司 六险一金 核心业务”
384,实习生 - SEO/SEM/数据分析方向,上海,[金杨新村],2k-4k,2k-4k 经验应届毕业生 / 本科,储田商务,"移动互联网,数据服务 / 不需要融资 / 15-50人",运营 SEM SEO 数据分析,"“实战培训,学习补贴,可转正,环境好”"
385,数据分析实习,上海,[莘庄],2k-3k,2k-3k 经验应届毕业生 / 不限,楷青,"数据服务,企业服务 / 未融资 / 少于15人",地图 分类信息,"“弹性,成长,独当一面”"
386,数据分析运营,上海,[长宁区],15k-25k,15k-25k 经验3-5年 / 本科,美团点评,消费生活 / 上市公司 / 2000人以上,运营,“大平台，核心业务”
387,高级数据分析师,上海,[张江],12k-20k,12k-20k 经验3-5年 / 本科,Magic Link,"移动互联网,企业服务 / A轮 / 50-150人",大数据 企业服务 SQLServer 数据处理 数据分析,“弹性工作 周末双休”
388,销售数据分析,上海,[闵行区],6k-8k,6k-8k 经验1-3年 / 大专,旺旺集团,"电商,移动互联网 / 上市公司 / 2000人以上",新零售 数据分析,“数据分析”
389,BI数据分析师,上海,[虹梅路],15k-30k,15k-30k 经验3-5年 / 本科,驰骛科技ChiefClouds,"数据服务,移动互联网 / A轮 / 50-150人",电商 新零售 SQL 数据库 数据分析 可视化,“年度体检免费晚餐额外商保带薪10天年假”
390,SQL数据分析师,上海,[北新泾],15k-25k,15k-25k 经验3-5年 / 本科,京东集团,电商 / 上市公司 / 2000人以上,电商 SQLServer 数据分析,“电商平台业务”
391,数据分析实习,上海,[花木],3k-4k,3k-4k 经验应届毕业生 / 不限,云鹊医疗,"医疗丨健康,移动互联网 / 不需要融资 / 150-500人",医疗健康 数据分析 BI,“有留用机会”
392,数据分析师讲师,上海,[东方路],15k-30k,15k-30k 经验3-5年 / 本科,北风网,"教育,数据服务 / B轮 / 150-500人",教育 数据分析,"“美女多,不需要加班,交通方便,领导很好”"
393,海外广告数据分析师,上海,[虹梅路],15k-25k,15k-25k 经验1-3年 / 本科,90玩,游戏 / 上市公司 / 150-500人,游戏 数据分析 SQL 数据库,"“加班补贴,年终奖,绩效奖,节日福利”"
394,风控数据分析,上海,[普陀区],8k-15k,8k-15k 经验1-3年 / 本科,收钱吧,移动互联网 / C轮 / 500-2000人,数据分析 SQL,“互联网公司氛围 牛逼团队 广阔发展空间”
395,SFJ-大数据挖掘与分析工程师（数据分析方向）,上海,[徐家汇],25k-50k,25k-50k 经验3-5年 / 硕士,顺丰科技有限公司,物流丨运输 / 不需要融资 / 2000人以上,Hive,“弹性工作时间 发展空间大 午餐补贴”
396,BI数据分析师,上海,[静安区],20k-40k,20k-40k 经验5-10年 / 本科,淘集集,电商 / B轮 / 500-2000人,Flink Spark Hadoop 数据分析,“福利待遇、发展前景、公司氛围”
397,数据分析负责人,上海,[张江],40k-70k,40k-70k 经验5-10年 / 本科,为偶,移动互联网 / C轮 / 150-500人,数据分析 数据库开发,“交通+餐补；年终奖；巨头注资；期权”
398,美图商业策略数据分析师,上海,[北京西路],15k-30k,15k-30k 经验3-5年 / 本科,美图公司,硬件 / 上市公司 / 2000人以上,数据分析 市场分析 营销策略,“上市公司 六险一金 核心业务”
399,实习生 - SEO/SEM/数据分析方向,上海,[金杨新村],2k-4k,2k-4k 经验应届毕业生 / 本科,储田商务,"移动互联网,数据服务 / 不需要融资 / 15-50人",运营 SEM SEO 数据分析,"“实战培训,学习补贴,可转正,环境好”"
400,数据分析实习,上海,[莘庄],2k-3k,2k-3k 经验应届毕业生 / 不限,楷青,"数据服务,企业服务 / 未融资 / 少于15人",地图 分类信息,"“弹性,成长,独当一面”"
401,数据分析运营,上海,[长宁区],15k-25k,15k-25k 经验3-5年 / 本科,美团点评,消费生活 / 上市公司 / 2000人以上,运营,“大平台，核心业务”
402,高级数据分析师,上海,[张江],12k-20k,12k-20k 经验3-5年 / 本科,Magic Link,"移动互联网,企业服务 / A轮 / 50-150人",大数据 企业服务 SQLServer 数据处理 数据分析,“弹性工作 周末双休”
403,销售数据分析,上海,[闵行区],6k-8k,6k-8k 经验1-3年 / 大专,旺旺集团,"电商,移动互联网 / 上市公司 / 2000人以上",新零售 数据分析,“数据分析”
404,BI数据分析师,上海,[虹梅路],15k-30k,15k-30k 经验3-5年 / 本科,驰骛科技ChiefClouds,"数据服务,移动互联网 / A轮 / 50-150人",电商 新零售 SQL 数据库 数据分析 可视化,“年度体检免费晚餐额外商保带薪10天年假”
405,数据分析(上海）,上海,[浦东新区],15k-30k,15k-30k 经验3-5年 / 本科,达达-京东到家,消费生活 / D轮及以上 / 2000人以上,新零售 物流 数据分析,“带薪年假”
406,数据分析师,上海,[龙华],15k-30k,15k-30k 经验3-5年 / 本科,天壤智能,"移动互联网,企业服务 / A轮 / 50-150人",数据分析 SQL,"“AI,人工智能,大数据”"
407,数据分析师（高级）,上海,[重固],17k-30k,17k-30k 经验3-5年 / 本科,申通快递,消费生活 / 上市公司 / 2000人以上,物流 数据分析,“五险一金 周末双休 大平台”
408,数据分析工程师,上海,[浦东新区],20k-40k,20k-40k 经验5-10年 / 本科,寄云科技,"移动互联网,数据服务 / A轮 / 50-150人",数据分析 数据库,“五险一金，带薪年假，弹性工作，”
409,高级数据分析师,上海,[长征],8k-15k,8k-15k 经验1-3年 / 本科,AdMaster,数据服务 / 不需要融资 / 500-2000人,大数据,“空间大 平台好 福利多”
410,数据分析师,上海,[浦东新区],10k-20k,10k-20k 经验1-3年 / 本科,萨摩耶金服,金融 / C轮 / 150-500人,互联网金融 数据分析,"“精英团队,弹性工作,工作氛围好”"
411,32216W-数据分析,上海,[龙华],10k-15k,10k-15k 经验1年以下 / 本科,平安健康互联网,"移动互联网,医疗丨健康 / 上市公司 / 2000人以上",医疗健康,"“五险一金,绩效奖金,定期体检,带薪年假”"
412,数据分析师实习生,上海,[张江],3k-5k,3k-5k 经验不限 / 本科,上海小牛互娱智能科技有限公司,移动互联网 / 未融资 / 500-2000人,数据分析,“年底双薪 加班晚餐 免费打车”
413,数据分析师-DPL01,上海,[静安区],7k-10k,7k-10k 经验1-3年 / 本科,英雄互娱,"移动互联网,游戏 / 上市公司 / 150-500人",MySQL 数据分析 Hive,“定期体检；带薪年假；餐补；周末双休”
414,数据分析师,上海,[北新泾],15k-20k,15k-20k 经验1-3年 / 本科,京东,"移动互联网,电商 / 上市公司 / 500-2000人",SQL 数据运营 数据分析,“大平台、福利好、牛人多”
415,高级数据分析师,上海,[张江],15k-30k,15k-30k 经验1-3年 / 不限,上海麦晗科技有限公司,移动互联网 / A轮 / 15-50人,大数据 数据分析,“大神团队 打卡自由 氛围待遇open”
416,数据分析专家（IT）,上海,[虹口区],10k-17k,10k-17k 经验3-5年 / 本科,上海锐力健身装备有限公司,其他 / 不需要融资 / 2000人以上,数据分析 可视化 数据库 SQL,“团队稳 领导好 做五休二 不经常加班”
417,高级数据分析总监,上海,[虹口区],50k-100k,50k-100k 经验5-10年 / 本科,靖琪,移动互联网 / 天使轮 / 50-150人,电商 工具软件,"“公司实力强,成长空间大,福利待遇好”"
418,数据分析,上海,[虹梅路],10k-20k,10k-20k 经验3-5年 / 本科,汇付,"移动互联网,金融 / 上市公司 / 500-2000人",SQL,“上市公司 合规风控 精英团队”
419,数据分析师（数据中心）,上海,[普陀区],15k-25k,15k-25k 经验1-3年 / 本科,收钱吧,移动互联网 / C轮 / 500-2000人,数据分析 数据处理 SQLServer,“平台大，福利好，牛人多，晋升机会”
420,数据分析师,上海,[张江],15k-30k,15k-30k 经验3-5年 / 本科,还呗-智能信贷领先者,金融 / B轮 / 500-2000人,数据分析,"“移动金融,未来金矿,精英团队,助力成长”"
421,25210V-数据分析师,上海,[陆家嘴],13k-26k,13k-26k 经验3-5年 / 本科,陆金所,金融 / B轮 / 2000人以上,数据分析 数据挖掘,"“五险一金,节日福利,带薪年假,定期体检”"
422,数据分析师,上海,[五角场],12k-20k,12k-20k 经验1-3年 / 本科,即刻,移动互联网 / C轮 / 50-150人,数据分析 SQL,“出国outing 办公环境优秀 同事优秀”
423,数据分析师,上海,[张江],25k-40k,25k-40k 经验3-5年 / 硕士,派拉软件,数据服务 / 上市公司 / 150-500人,信息安全 数据分析 数据库 SQL,“年终奖高，晋升空间大，扁平化管理”
424,数据分析,上海,[四川北路],7k-10k,7k-10k 经验1-3年 / 本科,设计院,"移动互联网,金融 / 上市公司 / 2000人以上",互联网金融 移动互联网 SQL,“平台大 年终奖”
425,数据分析师,上海,[徐汇区],15k-30k,15k-30k 经验不限 / 本科,苹果树,"金融,数据服务 / A轮 / 150-500人",金融 SQL 数据库,“老板nice，发展空间大，五险一金”
426,数据分析师,上海,[五角场],8k-12k,8k-12k 经验1-3年 / 本科,CareerFrog职业蛙,教育 / B轮 / 150-500人,可视化 数据库,"“奶思队友,毫无节操,疯狂凯瑞,别忘了高薪”"
427,数据分析师,上海,[长宁区],12k-16k,12k-16k 经验1-3年 / 本科,算话智能科技有限公司,"数据服务,移动互联网 / B轮 / 50-150人",大数据 移动互联网 SQL 数据分析,"“绩效奖金,福利津贴,交通补贴,假日福利”"
428,数据分析师,上海,[闸北区],10k-20k,10k-20k 经验3-5年 / 硕士,晶赞科技Zamplus,"数据服务,文娱丨内容 / D轮及以上 / 150-500人",数据分析,“弹性工作、绩效奖金、出国旅游、扁平化管理”
429,数据分析师,上海,[八佰伴],8k-15k,8k-15k 经验1-3年 / 本科,PINTEC,"移动互联网,金融 / 上市公司 / 150-500人",互联网金融 SQL 数据分析,"“六险一金,带薪休假,弹性工作,扁平管理”"
430,数据分析师,上海,[漕河泾],15k-30k,15k-30k 经验不限 / 大专,噗嗤游戏,"游戏,社交 / 不需要融资 / 15-50人",游戏 SQL SPSS 数据分析,“六险一金 氛围好 发展快 项目奖金”
431,数据分析师,上海,[杨浦区],15k-18k,15k-18k 经验5-10年 / 本科,独立日,移动互联网 / B轮 / 50-150人,数据分析 数据库,“团队氛围好 交通便利 地铁附近”
432,数据分析师,上海,[新闸路],7k-9k,7k-9k 经验1-3年 / 本科,小站教育,"移动互联网,教育 / C轮 / 500-2000人",移动互联网 教育 BI 数据分析 数据运营 SQL,“发展空间大”
433,数据分析师,上海,[东外滩],15k-25k,15k-25k 经验3-5年 / 本科,达达-京东到家,消费生活 / D轮及以上 / 2000人以上,年底双薪 绩效奖金 岗位晋升 定期体检,“技术驱动、风口平台”
434,数据分析师,上海,[东方路],20k-30k,20k-30k 经验3-5年 / 本科,上海你我贷互联网金融信息服务,金融 / 上市公司 / 500-2000人,数据分析 SQL,“弹性工作制 奖金丰厚 领导NICE”
