,标题,城市,公司地点,薪资待遇,工位要求,公司名称,公司级别,岗位技能,公司短评
0,数据分析师,深圳,[科技园],10k-20k,10k-20k 经验3-5年 / 本科,木槿科技,数据服务 / 不需要融资 / 150-500人,大数据 互联网金融 数据分析 SQL,“AI金融科技、发展前景大、股东方实力雄厚”
1,032281-数据分析岗,深圳,[福田区],11k-20k,11k-20k 经验1-3年 / 本科,平安产险,金融 / 上市公司 / 2000人以上,人力资源,"“五险一金,绩效奖金,带薪年假,定期体检”"
2,数据分析师,深圳,[宝安区],8k-15k,8k-15k 经验1-3年 / 本科,新锐居品科技有限公司,"电商,消费生活 / A轮 / 50-150人",电商 数据分析 数据运营 可视化 BI,“跨国团队，订单起量时刻”
3,数据分析师,深圳,[前海],10k-20k,10k-20k 经验3-5年 / 不限,迷你玩,游戏 / B轮 / 150-500人,教育 数据分析 数据运营,“领导好，年终奖，下午茶，扁平化管理”
4,数据分析师（2020珍爱秋季校园招聘）,深圳,[南山区],15k-25k,15k-25k 经验应届毕业生 / 本科,珍爱网,"社交,消费生活 / 不需要融资 / 2000人以上",数据分析,"“工作环境佳,平台大,周末双休”"
5,数据分析专员,深圳,[南山区],8k-16k,8k-16k 经验不限 / 本科,路通网络,"移动互联网,游戏 / 不需要融资 / 500-2000人",游戏 SQL 数据库,"“年内两加薪,年内两晋升,五险又双休”"
6,初级数据分析师,深圳,[南头],6k-9k,6k-9k 经验1年以下 / 本科,极光,企业服务 / 上市公司 / 500-2000人,广告营销 数据分析 数据运营 SQL,"“五险一金,奖金丰厚,福利多多,定期体检”"
7,高级数据分析师,深圳,[上梅林],15k-30k,15k-30k 经验5-10年 / 本科,万睿科技,硬件 / 不需要融资 / 500-2000人,数据分析,"“五险一金,餐补，双休,通讯补贴,年终奖金”"
8,数据分析师,深圳,[科技园],11k-18k,11k-18k 经验1-3年 / 本科,德科信息,"移动互联网,企业服务 / 不需要融资 / 50-150人",大数据 其他 SQL 数据库,“六险一金、双休、下午茶”
9,中级数据分析师,深圳,[坂田],10k-15k,10k-15k 经验3-5年 / 本科,深圳市惠享天成科技有限公司,"移动互联网,金融 / B轮 / 15-50人",电商 移动互联网 数据分析 算法 数据架构 数据处理,“五险一金、年度体检、旅游、周末双休”
10,数据分析,深圳,[国贸],15k-20k,15k-20k 经验1-3年 / 本科,阿卡索外教网,"教育,移动互联网 / C轮 / 2000人以上",移动互联网 教育 BI SQL,"“五险一金,员工旅游,健身俱乐部,带薪年假”"
11,数据分析师,深圳,[科技园],10k-18k,10k-18k 经验1-3年 / 本科,淘乐网络,游戏 / 不需要融资 / 150-500人,游戏 数据分析 数据运营,“五险一金 营养三餐 晋升空间 核心项目”
12,数据分析师,深圳,[后海],15k-25k,15k-25k 经验3-5年 / 本科,海致,"移动互联网,企业服务 / C轮 / 150-500人",银行 数据分析 BI 数据库,“金融大数据 独角兽 有期权”
13,数据分析师,深圳,[西乡],20k-40k,20k-40k 经验3-5年 / 本科,小步网络,移动互联网 / B轮 / 150-500人,移动互联网 数据分析 BI 数据运营,“高薪酬股票期权热门海外业务氛围好牛人多”
14,数据分析师,深圳,[南山区],10k-18k,10k-18k 经验不限 / 硕士,微众税银,"金融,数据服务 / D轮及以上 / 150-500人",大数据 数据分析,"“发展空间,公司福利好”"
15,032303-数据分析师,深圳,[福田区],11k-22k,11k-22k 经验3-5年 / 硕士,平安产险,金融 / 上市公司 / 2000人以上,大数据 金融,"“五险一金,绩效奖金,带薪年假,节日福利”"
16,数据分析师,深圳,[南山区],8k-15k,8k-15k 经验1-3年 / 本科,极光,企业服务 / 上市公司 / 500-2000人,云计算 大数据 SPSS 数据运营 数据分析,“上市公司、技术氛围好、弹性工作制”
17,数据分析,深圳,[科技园],15k-20k,15k-20k 经验3-5年 / 本科,拉勾猎头,"移动互联网,企业服务 / D轮及以上 / 500-2000人",一手内推信息 猎头专业服务 名企保面试 精准高效对接,“稳定”
18,数据分析师,深圳,[国贸],18k-30k,18k-30k 经验3-5年 / 本科,阿卡索外教网,"教育,移动互联网 / C轮 / 2000人以上",教育 移动互联网 SQL SPSS,"“五险一金,周末双休,健身俱乐部,带薪年假”"
19,数据分析,深圳,[科技园],8k-15k,8k-15k 经验1-3年 / 本科,深圳隽思信息科技有限公司,其他 / 未融资 / 2000人以上,新零售 大数据 商业,“上市集团 五天八小时”
20,数据分析,深圳,[南山区],15k-30k,15k-30k 经验3-5年 / 本科,迅雷,工具 / 上市公司 / 500-2000人,大数据 金融,“大流量平台”
21,数据分析,深圳,[香蜜湖],10k-15k,10k-15k 经验3-5年 / 本科,采筑,电商 / 天使轮 / 50-150人,电商 运营,“五险一金/下午茶/生日会/地铁附近”
22,数据分析师,深圳,[人民南],8k-16k,8k-16k 经验1-3年 / 本科,安硕信息（amarsoft）,金融 / 上市公司 / 2000人以上,金融,“需求分析 信贷 金融”
23,数据分析,深圳,[人民南],10k-15k,10k-15k 经验1-3年 / 本科,汇合,"企业服务,金融 / 不需要融资 / 2000人以上",银行,“银行系统 技术大牛团队 项目稳定”
24,数据分析,深圳,[科技园],15k-25k,15k-25k 经验3-5年 / 本科,BLUE,"消费生活,移动互联网 / C轮 / 500-2000人",ETL 数据处理,“期权，东南亚市场，国际舞台”
25,数据分析师,深圳,[皇岗],18k-25k,18k-25k 经验5-10年 / 本科,德方智链,"移动互联网,金融 / 不需要融资 / 15-50人",大数据 互联网金融,“福利待遇高，老板好，技术牛人多，发展好”
26,数据分析师,深圳,[南山区],15k-25k,15k-25k 经验3-5年 / 本科,飞贷金融科技,"移动互联网,金融 / B轮 / 500-2000人",互联网金融 数据分析 数据挖掘,"“领导好,发展空间”"
27,数据分析师,深圳,[西丽],15k-25k,15k-25k 经验3-5年 / 本科,WeLab卫盈联,金融 / B轮 / 500-2000人,互联网金融 风控 分析师,“催收策略 数据分析 数据模型”
28,数据分析师（用户方向）,深圳,[福田区],15k-25k,15k-25k 经验3-5年 / 本科,立创商城,"电商,硬件 / A轮 / 150-500人",电商 数据分析,“周末双休，五险一金，下午茶，工作氛围好”
29,数据分析师（数据运营）,深圳,[车公庙],15k-25k,15k-25k 经验3-5年 / 本科,鹏元征信有限公司,"金融,数据服务 / 不需要融资 / 150-500人",数据分析 数据运营,“行业前列、合规第一、持牌经营”
30,数据分析与挖掘岗,深圳,[香蜜湖],15k-25k,15k-25k 经验3-5年 / 本科,平安产险,金融 / 上市公司 / 2000人以上,保险 大数据 Java 数据挖掘 数据处理,“丰厚的年终奖”
31,数据分析,深圳,[科技园],9k-12k,9k-12k 经验1-3年 / 本科,汇合,"企业服务,金融 / 不需要融资 / 2000人以上",SQL 数据库,“银行创新团队项目”
32,数据分析师,深圳,[深圳湾],10k-20k,10k-20k 经验5-10年 / 本科,百果科技,"移动互联网,电商 / B轮 / 150-500人",数据分析,“五险一金 五天七小时 调薪机制”
33,数据分析（赴腾讯）,深圳,[科技园],8k-10k,8k-10k 经验3-5年 / 本科,微创软件,"企业服务,移动互联网 / 不需要融资 / 2000人以上",移动互联网 Hive SQLServer 数据架构,“五险一金；班车接送；免费早餐”
34,数据分析师,深圳,[科技园],12k-20k,12k-20k 经验3-5年 / 本科,DJI大疆创新,硬件 / 未融资 / 2000人以上,数据分析 SQL,“发展空间 公司平台”
35,数据分析师（广告投放向）,深圳,[科技园],11k-21k,11k-21k 经验不限 / 本科,乐逗游戏,游戏 / 上市公司 / 500-2000人,数据挖掘 数据分析,“上市公司”
36,数据分析师,深圳,[宝安区],15k-30k,15k-30k 经验1-3年 / 本科,字节跳动,文娱丨内容 / C轮 / 2000人以上,数据分析,“六险一金，弹性工作，免费三餐，餐补”
37,数据分析师,深圳,[香蜜湖],15k-20k,15k-20k 经验3-5年 / 本科,一加手机,硬件 / 未融资 / 500-2000人,通信/网络设备 电商,"“开放的环境,成长空间,福利丰富,扁平架构”"
38,数据分析,深圳,[上沙],18k-35k,18k-35k 经验1-3年 / 本科,KLOOK 客路旅行,旅游 / D轮及以上 / 500-2000人,零食水果供应 带薪年假 绩效奖金 扁平管理,“国际化平台、环境舒适、好玩有趣”
39,数据分析师（用户）,深圳,[福田区],6k-10k,6k-10k 经验不限 / 不限,立创商城,"电商,硬件 / A轮 / 150-500人",数据分析 SQL 数据库,"“五险一金,周末双休,水果下午茶”"
40,数据分析(BI方向）,深圳,[南山区],10k-20k,10k-20k 经验1-3年 / 本科,盈富斯,电商 / C轮 / 150-500人,电商 MySQL 数据分析 数据挖掘 数据处理,“年终奖，知名电商，下午茶，免费零食”
41,数据分析岗,深圳,[南山区],8k-15k,8k-15k 经验1-3年 / 本科,人人聚财,金融 / A轮 / 2000人以上,数据分析,“团队氛围好，发展空间大，专业提升”
42,数据分析师,深圳,[蔡屋围],15k-25k,15k-25k 经验3-5年 / 本科,希为科技,"企业服务,金融 / 不需要融资 / 50-150人",金融 数据分析 SQL,"“技术领先,14薪,团队优秀”"
43,数据分析师,深圳,[岗厦],10k-15k,10k-15k 经验3-5年 / 大专,华策,移动互联网 / 未融资 / 50-150人,BI SQL 数据分析 数据运营,"“五险一金,年终奖,通讯补贴,绩效奖金”"
44,0222JM-数据分析师,深圳,[福田区],1k-1k,1k-1k 经验1-3年 / 本科,平安人寿,金融 / 上市公司 / 2000人以上,金融,"“五险一金,绩效奖金,节日福利,定期体检”"
45,数据分析师（商品方向）,深圳,[福田区],15k-25k,15k-25k 经验3-5年 / 本科,立创商城,"电商,硬件 / A轮 / 150-500人",数据分析 SQL 商业,"“五险一金,周末双休,水果下午茶”"
46,数据工程师/数据分析师,深圳,[科技园],17k-30k,17k-30k 经验3-5年 / 本科,乐刷,移动互联网 / C轮 / 500-2000人,数据仓库 数据分析 数据处理,"“五险一金,节假福利,奖金丰厚”"
47,数据分析师（信贷业务）,深圳,[深圳湾],15k-25k,15k-25k 经验3-5年 / 不限,AKULAKU,"移动互联网,金融 / D轮及以上 / 500-2000人",借贷,“跨国合作 行业前景 融资并购”
48,数据分析师,深圳,[宝安区],15k-25k,15k-25k 经验3-5年 / 本科,Angsi昂司,"电商,消费生活 / 未融资 / 500-2000人",数据分析 数据运营 SPSS SQL,“年轻又耐撕 新零售”
49,数据分析(销售),深圳,[福田区],10k-15k,10k-15k 经验3-5年 / 本科,采筑,电商 / 天使轮 / 50-150人,电商,“发展空间大，平台好”
50,数据分析师,深圳,[购物公园],15k-25k,15k-25k 经验5-10年 / 本科,闻善科技,"移动互联网,硬件 / 不需要融资 / 50-150人",大数据,“稳定 不加班 行业权威”
51,数据分析师,深圳,[南油],12k-20k,12k-20k 经验1-3年 / 本科,卓轩科技,"移动互联网,电商 / A轮 / 50-150人",大数据 企业服务 BI,“大数据”
52,数据分析师,深圳,[蛇口],12k-24k,12k-24k 经验1-3年 / 本科,健康160（原就医160）,移动互联网 / 上市公司 / 500-2000人,数据分析 SPSS SQL BI,“扁平化管理 团队氛围好”
53,数据分析师,深圳,[南山区],8k-15k,8k-15k 经验3-5年 / 本科,字节跳动,文娱丨内容 / C轮 / 2000人以上,数据分析,“六险一金，餐补，带薪休假，扁平管理”
54,数据分析师,深圳,[南山区],10k-15k,10k-15k 经验1-3年 / 硕士,风变科技（深圳）有限公司,"移动互联网,教育 / A轮 / 150-500人",大数据 数据挖掘 数据分析,“驱动开发，团队年轻，牛人指导”
55,数据分析师 （桔子理财） (MJ000539),深圳,[深大北门],15k-30k,15k-30k 经验不限 / 本科,乐信,金融 / 上市公司 / 2000人以上,移动互联网 金融 风控,“上市公司 五险一金 发展空间 团队激励”
56,数据分析师,深圳,[南山区],13k-20k,13k-20k 经验5-10年 / 大专,gaga鲜语,消费生活 / A轮 / 500-2000人,通信/网络设备 移动互联网 数据分析 数据库 商业 SQL,“五险一金，团队氛围佳，弹性工作时间”
57,数据分析师,深圳,[南油],15k-30k,15k-30k 经验1-3年 / 本科,观远数据,"企业服务,数据服务 / A轮 / 50-150人",大数据 工具软件 BI SQL 数据库 数据分析,“牛人团队 成长空间 期权激励 独当一面”
58,数据分析工程师,深圳,[南山区],30k-50k,30k-50k 经验5-10年 / 本科,乐易网络,"移动互联网,游戏 / 不需要融资 / 150-500人",数据分析 数据库开发 Hadoop 数据挖掘,"“五险一金,年终奖,氛围开放,带薪旅行”"
59,数据分析师,深圳,[大冲],10k-15k,10k-15k 经验1-3年 / 本科,魅族,"移动互联网,硬件 / A轮 / 2000人以上",大数据 Hive 数据分析,“发展平台大 工作氛围佳”
60,数据分析-创新工具,深圳,[南山区],25k-50k,25k-50k 经验1-3年 / 本科,字节跳动,文娱丨内容 / C轮 / 2000人以上,数据挖掘,“六险一金，弹性工作，免费三餐，租房补贴”
61,数据分析师,深圳,[西丽],10k-15k,10k-15k 经验1-3年 / 本科,恒信永利,金融 / 不需要融资 / 2000人以上,金融,“六险一金 各种活动 周末双休 扁平化管理”
62,数据分析师（评分卡）,深圳,[岗厦],12k-20k,12k-20k 经验3-5年 / 本科,即有分期,金融 / D轮及以上 / 500-2000人,大数据 风控 策略设计 分析师,“多多年假 新业务发展多”
63,数据分析师,深圳,[南山区],8k-15k,8k-15k 经验1-3年 / 本科,深圳白骑士大数据有限公司,"企业服务,金融 / A轮 / 50-150人",SPSS 数据库 SQL,"“平台大,创新型,有挑战”"
64,数据分析经理,深圳,[福田区],25k-35k,25k-35k 经验5-10年 / 本科,买买提信息科技,"移动互联网,金融 / 不需要融资 / 150-500人",电商 数据分析 SQL,“环境好，氛围佳，福利好，上升空间大”
65,29912-数据分析-运营开发,深圳,[科技园],20k-40k,20k-40k 经验1-3年 / 本科,腾讯,社交 / 上市公司 / 2000人以上,ETL Hadoop 数据库开发,“平台大”
66,数据分析主管,深圳,[南山区],15k-25k,15k-25k 经验3-5年 / 本科,深圳市盛达瑞智能科技有限公司,"移动互联网,区块链 / 不需要融资 / 150-500人",MySQL 数据分析,“五险一金、周末双休、带薪年假”
67,数据分析师（数据资产方向）,深圳,[南山区],10k-20k,10k-20k 经验1-3年 / 本科,一面数据,"移动互联网,数据服务 / A轮 / 50-150人",大数据,“大数据人工智能；名校系大牛；技术氛围浓”
68,数据分析师-深圳,深圳,[深圳湾],15k-25k,15k-25k 经验3-5年 / 本科,神策数据,数据服务 / C轮 / 150-500人,大数据 商业 BI 可视化 数据分析,"“五险一金,午餐补助,补充医疗,14薪”"
69,数据分析师,深圳,[白石洲],15k-25k,15k-25k 经验3-5年 / 本科,美利金融,金融 / B轮 / 2000人以上,数据分析 可视化 商业,“平台大，薪资高”
70,数据分析师,深圳,[车公庙],15k-20k,15k-20k 经验1-3年 / 本科,金銮羊羊,移动互联网 / 未融资 / 50-150人,数据分析,“五险一金，周末双休，下午茶，员工旅游”
71,数据分析师,深圳,[南山区],25k-50k,25k-50k 经验5-10年 / 本科,数位科技,企业服务 / B轮 / 150-500人,金融 数据分析,"“14薪起,股票期权,大牛团队,技术氛围好”"
72,高级数据分析师,深圳,[南头],20k-30k,20k-30k 经验3-5年 / 本科,极光,企业服务 / 上市公司 / 500-2000人,电商 广告营销 数据挖掘 数据分析,"“数据量大,攻城狮氛围,牛人多,弹性工作”"
73,4721EM-智慧法律-数据分析岗,深圳,[南山区],15k-30k,15k-30k 经验3-5年 / 本科,平安智慧城,移动互联网 / 不需要融资 / 2000人以上,通信/网络设备 大数据,"“五险一金,带薪年假,节日福利,绩效奖金”"
74,大数据产品经理/数据分析,深圳,[前海],14k-28k,14k-28k 经验3-5年 / 本科,加油宝,金融 / 不需要融资 / 150-500人,数据分析 数据 电商 金融,“数据分析 数据产品经理”
75,数据分析师-创新工具,深圳,[南山区],20k-40k,20k-40k 经验1-3年 / 本科,字节跳动,文娱丨内容 / C轮 / 2000人以上,数据挖掘,“六险一金，弹性工作，免费三餐，租房补贴”
76,数据分析师(商业方向，中高级）,深圳,[南山区],10k-20k,10k-20k 经验1-3年 / 本科,一面数据,"移动互联网,数据服务 / A轮 / 50-150人",大数据,“大数据人工智能；名校系大牛；技术氛围浓”
77,数据分析师,深圳,[桃源村],15k-30k,15k-30k 经验不限 / 本科,吉比特,游戏 / 上市公司 / 500-2000人,游戏 大数据 BI 数据运营 SQL 可视化,“福利待遇好；上市公司；发展机会多”
78,数据分析师,深圳,[南山区],12k-18k,12k-18k 经验3-5年 / 本科,万兴科技股份有限公司,移动互联网 / 上市公司 / 500-2000人,数据分析,“上市公司，机会多，成长快，团队氛围好”
79,高级数据分析师（深圳）,深圳,[南头],15k-25k,15k-25k 经验3-5年 / 本科,极光,企业服务 / 上市公司 / 500-2000人,数据挖掘 数据分析,"“D轮+,14薪+,攻城狮氛围,弹性工作”"
80,数据分析师,深圳,[白石洲],20k-30k,20k-30k 经验3-5年 / 本科,每日优鲜,"移动互联网,电商 / D轮及以上 / 2000人以上",数据分析,“带薪年假、定期体检、弹性工作”
81,数据分析/数据挖掘工程师,深圳,[坂田],10k-20k,10k-20k 经验3-5年 / 本科,小泊,消费生活 / 不需要融资 / 500-2000人,电商 房产服务 BI 可视化 数据分析,"“爸爸是万科,扁平化管理，员工福利棒”"
82,数据分析师,深圳,[南山区],15k-27k,15k-27k 经验3-5年 / 本科,懒人科技,移动互联网 / 不需要融资 / 50-150人,医疗健康 体育 BI 数据分析 数据运营 SQL,"“独立自主,海量数据,节奏快,创新驱动”"
83,爬虫/数据分析工程师,深圳,[新安],7k-14k,7k-14k 经验1-3年 / 本科,Gekko.ai,"数据服务,金融 / 不需要融资 / 15-50人",大数据 数据处理 数据分析 数据架构 MySQL,"“极客精神,前沿技术,空间大,挑战性”"
84,数据分析师-信贷业务,深圳,[前海],13k-20k,13k-20k 经验1-3年 / 硕士,腾梭科技,"金融,人工智能 / A轮 / 150-500人",数据分析,“六险一金，扁平管理，快速成长，大神助力”
85,数据分析实习生,深圳,[科技园],3k-4k,3k-4k 经验不限 / 大专,随手科技,金融 / C轮 / 500-2000人,分析师,“数据分析”
86,数据分析工程师,深圳,[深圳湾],15k-30k,15k-30k 经验3-5年 / 本科,AKULAKU,"移动互联网,金融 / D轮及以上 / 500-2000人",电商 数据分析,“扁平管理，项目好”
87,数据分析师-HK,深圳,[大冲],25k-30k,25k-30k 经验3-5年 / 本科,联易融linklogis,"移动互联网,金融 / C轮 / 150-500人",大数据 金融 数据分析,“六险一金;弹性办公;福利满满;风口行业”
88,数据分析师,深圳,[后海],15k-30k,15k-30k 经验1-3年 / 本科,深圳妈妈资本,金融 / A轮 / 50-150人,大数据 数据分析,“有牛人”
89,价格数据分析师,深圳,[深圳湾],7k-12k,7k-12k 经验1-3年 / 本科,道旅旅游,"电商,旅游 / 上市公司 / 150-500人",数据分析 营销管理,“五险一金 年底双薪 年度旅游 年度体检”
90,数据分析师,深圳,[蛇口],20k-40k,20k-40k 经验3-5年 / 本科,字节跳动,文娱丨内容 / C轮 / 2000人以上,BI 数据分析 可视化,“六险一金，弹性工作，免费三餐，租房补贴”
91,数据分析师（汽车行业）,深圳,[南山区],8k-15k,8k-15k 经验不限 / 本科,一面数据,"移动互联网,数据服务 / A轮 / 50-150人",大数据,“大数据人工智能；名校系大牛；技术氛围浓”
92,数据分析师（挖掘方向）,深圳,[桃源村],15k-20k,15k-20k 经验3-5年 / 本科,吉比特,游戏 / 上市公司 / 500-2000人,数据分析 SPSS,"“上市公司,平台大,福利好,发展空间大”"
93,数据分析师,深圳,[前海],8k-11k,8k-11k 经验1-3年 / 本科,YIDATEC,"移动互联网,游戏 / 不需要融资 / 2000人以上",视频 商业 数据分析 SQL,“六险一金，班车，年终奖，免费早餐”
94,助理数据分析专员,深圳,[福田区],7k-10k,7k-10k 经验1-3年 / 本科,vivo,硬件 / 未融资 / 2000人以上,移动互联网,"“弹性工作,团队大牛多,试用期全薪”"
95,数据分析工程师,深圳,[深圳湾],18k-30k,18k-30k 经验3-5年 / 本科,万科,房产家居 / 上市公司 / 2000人以上,大数据 SQL 数据分析,"“世界五百强,地产龙头企,薪资福利佳。”"
96,数据分析经理,深圳,[宝安区],25k-35k,25k-35k 经验3-5年 / 本科,Angsi昂司,"电商,消费生活 / 未融资 / 500-2000人",数据运营 数据分析 SPSS SQL,“年轻又耐撕 新零售”
97,数据分析专员,深圳,[福永],8k-10k,8k-10k 经验1-3年 / 大专,跨越速运,其他 / 不需要融资 / 2000人以上,可视化,“平台大、绩效奖金”
98,1121GN-资深数据分析师,深圳,[科技园],15k-25k,15k-25k 经验5-10年 / 本科,平安科技,金融 / 不需要融资 / 2000人以上,金融 大数据,"“五险一金,绩效奖金,带薪年假,定期体检”"
99,数据分析主管,深圳,[岗厦],12k-20k,12k-20k 经验1-3年 / 本科,即有分期,金融 / D轮及以上 / 500-2000人,互联网金融 风控 策略设计 分析师,“多多年假 领导nice”
100,数据分析工程师,深圳,[南油],8k-15k,8k-15k 经验1-3年 / 不限,is smart,"移动互联网,企业服务 / 不需要融资 / 150-500人",企业服务 广告营销 可视化 数据分析 数据运营,"“营销数据实践,服务500强客户”"
101,数据分析助理,深圳,[南山区],6k-12k,6k-12k 经验1-3年 / 本科,OPPO,硬件 / 不需要融资 / 2000人以上,MySQL,“扁平管理”
102,数据分析专员,深圳,[科技园],6k-9k,6k-9k 经验3-5年 / 本科,世联行,企业服务 / 上市公司 / 2000人以上,大数据 BI 数据分析,"“上市集团,内部正编,大平台,发展空间大”"
103,投资并购部-数据分析员,深圳,[南油],1k-2k,1k-2k 经验1-3年 / 本科,腾讯,社交 / 上市公司 / 2000人以上,投资/融资 数据分析,“公司规模大”
104,4721FP-智慧法律-资深数据分析专家,深圳,[南山区],15k-30k,15k-30k 经验10年以上 / 本科,平安智慧城,移动互联网 / 不需要融资 / 2000人以上,数据分析,"“五险一金,绩效奖金,高温补贴,定期体检”"
105,数据分析师(商业方向，初级）,深圳,[南山区],8k-15k,8k-15k 经验1年以下 / 本科,一面数据,"移动互联网,数据服务 / A轮 / 50-150人",大数据,“大数据人工智能；名校系大牛；技术氛围浓”
106,数据分析专家,深圳,[南山区],35k-70k,35k-70k 经验不限 / 本科,字节跳动,文娱丨内容 / C轮 / 2000人以上,数据分析,“扁平管理，过亿用户，职业大牛”
107,数据分析经理,深圳,[西丽],30k-50k,30k-50k 经验1-3年 / 本科,麒讯,"移动互联网,金融 / 不需要融资 / 150-500人",数据分析,“五险一金、餐补”
108,数据分析工程师,深圳,[南山区],18k-28k,18k-28k 经验3-5年 / 本科,大宇无限,移动互联网 / C轮 / 50-150人,大数据 数据挖掘 数据分析,"“工程师文化,高期权回报”"
109,数据分析专员,深圳,[南山区],10k-20k,10k-20k 经验1-3年 / 大专,乐逗游戏,游戏 / 上市公司 / 500-2000人,运营,“优质资源，可靠团队”
110,数据分析专员,深圳,[科技园],7k-10k,7k-10k 经验不限 / 本科,蓝色光标SNK,"移动互联网,游戏 / 不需要融资 / 150-500人",广告营销 游戏 数据分析,"“4A公司,平台大,晋升快”"
111,数据分析/算法/人工智能高级工程师,深圳,[坂田],28k-40k,28k-40k 经验不限 / 博士,华为技术有限公司,通讯电子 / 不需要融资 / 2000人以上,人工智能 机器学习 算法 数据挖掘,“微服务、大数据、AI方向”
112,高级数据分析师,深圳,[南山区],25k-40k,25k-40k 经验3-5年 / 本科,OPPO,硬件 / 不需要融资 / 2000人以上,移动互联网,“弹性工作”
113,数据分析专家/经理,深圳,[科技园],20k-30k,20k-30k 经验3-5年 / 本科,金蝶蝶金,企业服务 / 上市公司 / 2000人以上,云计算,"“大平台,核心产品,晋升空间”"
114,高级数据分析师,深圳,[科技园],15k-30k,15k-30k 经验3-5年 / 本科,随手科技,金融 / C轮 / 500-2000人,数据分析,"“节日福利多,涨薪快,平台大,晋升空间大”"
115,高级数据分析师,深圳,[科技园],15k-30k,15k-30k 经验3-5年 / 不限,AKULAKU,"移动互联网,金融 / D轮及以上 / 500-2000人",电商,“独角兽 技术创新 大牛云集 年终丰厚”
116,数据分析总监,深圳,[科技园],38k-65k,38k-65k 经验5-10年 / 硕士,深圳白骑士大数据有限公司,"企业服务,金融 / A轮 / 50-150人",金融 算法 数据挖掘 数据分析,"“平台好,创新型,发展迅速,股权期权”"
117,高级数据分析师,深圳,[白石洲],18k-35k,18k-35k 经验不限 / 硕士,PKFARE比客,旅游 / A轮 / 150-500人,数据分析,“挑战大，大牛领导，有价值的项目”
118,中高级数据分析师,深圳,[科技园],15k-30k,15k-30k 经验3-5年 / 本科,深圳市库盒科技有限公司,移动互联网 / B轮 / 150-500人,新零售 本地生活 商业 数据分析 数据库 SQL,“周末双休，下午茶零食，团建旅游”
119,XLF-数据分析经理,深圳,[大冲],20k-30k,20k-30k 经验3-5年 / 本科,微众银行,金融 / 未融资 / 2000人以上,数据分析,“五险一金 绩效奖金 带薪年假”
120,数据分析实习生-用户增长方向,深圳,[南山区],2k-4k,2k-4k 经验不限 / 本科,字节跳动,文娱丨内容 / C轮 / 2000人以上,数据分析,“免费三餐，租房补贴，休闲下午茶，扁平管理”
121,资深数据分析师(J11772),深圳,[上梅林],50k-70k,50k-70k 经验5-10年 / 本科,货拉拉,"移动互联网,消费生活 / C轮 / 2000人以上",BI 商业 数据分析,“发展空间大”
122,高级数据分析师（游戏业务）,深圳,[科技园],15k-30k,15k-30k 经验3-5年 / 本科,OPPO,硬件 / 不需要融资 / 2000人以上,移动互联网 游戏 SQL,“大平台 给力薪酬 组织氛围好”
123,风控（海外）策略及数据分析工程师（深圳）,深圳,[科技园],25k-40k,25k-40k 经验3-5年 / 硕士,腾讯,社交 / 上市公司 / 2000人以上,信息安全 支付 数据挖掘,"“氛围和谐,福利齐全,长期激励,年度旅游”"
124,XLF-数据分析经理(数据分析),深圳,[大冲],20k-30k,20k-30k 经验3-5年 / 本科,微众银行,金融 / 未融资 / 2000人以上,数据分析,“五险一金 绩效奖金 带薪年假”
125,高级数据分析师,深圳,[南山区],18k-36k,18k-36k 经验5-10年 / 本科,优乐学科技,"移动互联网,教育 / A轮 / 150-500人",教育 数据分析 数据运营,“带薪年假，五险一金，上班不打卡”
126,数据分析工程师,深圳,[科技园],15k-30k,15k-30k 经验3-5年 / 硕士,WeSure微保,金融 / 不需要融资 / 150-500人,数据分析,“发展前景”
127,数据分析工程师,深圳,[南头],18k-28k,18k-28k 经验3-5年 / 本科,招联金融,金融 / 不需要融资 / 500-2000人,节日礼物 技能培训 绩效奖金 岗位晋升,“初创公司，朝阳行业，广阔的发展空间”
128,XYW-数据分析工程师,深圳,[后海],20k-40k,20k-40k 经验3-5年 / 本科,顺丰科技有限公司,物流丨运输 / 不需要融资 / 2000人以上,SQLServer 数据分析 数据处理,“顺丰全网重点项目”
129,高级数据分析 (MJ001096),深圳,[西丽],12k-20k,12k-20k 经验3-5年 / 本科,SHEIN,"电商,移动互联网 / C轮 / 2000人以上",电商 大数据 数据处理 数据分析,“AI电商 大牛云集 海外 百亿已盈利”
130,高级数据分析师,深圳,[南山区],25k-50k,25k-50k 经验3-5年 / 本科,盈富斯,电商 / C轮 / 150-500人,电商 MySQL 数据仓库 数据分析 数据库开发,“奖金激励，年终奖，电商平台”
131,高级\资深数据分析师,深圳,[新安],25k-45k,25k-45k 经验5-10年 / 本科,vivo,硬件 / 未融资 / 2000人以上,数据分析,“亿级用户、大牛团队、发展空间大”
132,高级数据分析师,深圳,[南山区],15k-30k,15k-30k 经验3-5年 / 本科,深圳白骑士大数据有限公司,"企业服务,金融 / A轮 / 50-150人",大数据 云计算 数据分析 数据库 BI SQL,"“平台大,创新型,有挑战”"
133,数据分析师,深圳,[科技园],15k-30k,15k-30k 经验3-5年 / 本科,Deep Lens Fund,"金融,数据服务 / 未融资 / 少于15人",大数据 基金 BI 数据分析 DBA SQL,“发展前景广阔，大数据，人工智能，股权激励”
134,数据分析师,深圳,[白石洲],10k-20k,10k-20k 经验3-5年 / 本科,百融云创,金融 / C轮 / 500-2000人,大数据 数据分析,"“六险一金,带薪年假,绩效奖金,年底双薪”"
135,资深数据分析师-反作弊方向,深圳,[南山区],25k-50k,25k-50k 经验3-5年 / 本科,字节跳动,文娱丨内容 / C轮 / 2000人以上,产品经理,“六险一金，弹性工作，免费三餐，租房补贴”
136,QYN-数据分析工程师,深圳,[后海],18k-30k,18k-30k 经验5-10年 / 本科,顺丰科技有限公司,物流丨运输 / 不需要融资 / 2000人以上,大数据 其他,“五险一金，午餐补贴，通讯补贴，”
137,资深\高级数据分析师（互联网）,深圳,[新安],25k-45k,25k-45k 经验5-10年 / 本科,vivo,硬件 / 未融资 / 2000人以上,数据分析,“亿级用户、大牛团队、发展空间大”
138,CSIG18-高级数据分析师（深圳）,深圳,[科技园],15k-30k,15k-30k 经验3-5年 / 本科,腾讯,社交 / 上市公司 / 2000人以上,SQLServer Spark Hadoop 算法,“技术大咖”
139,数据分析师,深圳,[大冲],12k-20k,12k-20k 经验3-5年 / 大专,华驰信息,金融 / 未融资 / 50-150人,视频 直播,“弹性工作、五险一金、领导Nice”
140,零售数据分析助理,深圳,[科技园],4k-7k,4k-7k 经验1-3年 / 不限,丹尼尔惠灵顿,消费生活 / 不需要融资 / 500-2000人,新零售 数据分析,“外企 精致下午茶 带薪年假 周末双休”
141,052193-数据分析建模岗,深圳,[福田区],15k-25k,15k-25k 经验1-3年 / 本科,平安证券,金融 / 上市公司 / 2000人以上,核查,"“绩效奖金,五险一金,带薪年假”"
142,数据分析师,深圳,[科技园],12k-24k,12k-24k 经验3-5年 / 本科,艾格拉斯,游戏 / 上市公司 / 150-500人,互联网金融 借贷,“发展前景好 晋升空间大”
143,数据分析,深圳,[南山区],10k-15k,10k-15k 经验1-3年 / 本科,德科信息,"移动互联网,企业服务 / 不需要融资 / 50-150人",SQL,“周末双休、五险一金、年底双薪、节日福利”
144,大数据分析师,深圳,[宝安区],4k-7k,4k-7k 经验不限 / 大专,恒实网络,移动互联网 / 未融资 / 50-150人,数据挖掘 数据仓库 数据分析 Oracle,“五险一金 周末双休 团建活动”
145,数据分析师,深圳,[福田区],10k-20k,10k-20k 经验1-3年 / 本科,深圳市沃客非凡科技有限公司,"电商,移动互联网 / B轮 / 50-150人",电商 移动互联网 数据分析,“发展前景好”
146,电商数据分析师,深圳,[香蜜湖],10k-20k,10k-20k 经验3-5年 / 本科,一加手机,硬件 / 未融资 / 500-2000人,电商 数据分析 数据挖掘 搜索,"“年终奖,六险一金,双休,弹性打卡”"
147,数据分析师,深圳,[南山区],20k-40k,20k-40k 经验3-5年 / 本科,恒大智慧科技有限公司,人工智能 / 不需要融资 / 500-2000人,数据分析,“世界500强 福利好”
148,高级数据分析师,深圳,[南山区],20k-30k,20k-30k 经验5-10年 / 本科,环球易购,电商 / 上市公司 / 2000人以上,电商 数据分析 数据运营,“上市公司 大牛团队 量级大 五险一金”
149,数据分析产品经理,深圳,[车公庙],15k-25k,15k-25k 经验不限 / 本科,平安产险,金融 / 上市公司 / 2000人以上,保险 互联网金融,“大平台”
150,高级数据分析师-faceu,深圳,[南山区],10k-20k,10k-20k 经验3-5年 / 本科,字节跳动,文娱丨内容 / C轮 / 2000人以上,数据分析,“六险一金，弹性工作，免费三餐，租房补贴”
151,腾讯云-高级数据分析师,深圳,[科技园],16k-32k,16k-32k 经验3-5年 / 本科,腾讯,社交 / 上市公司 / 2000人以上,云计算 数据运营 数据分析,“带薪年假、免费班车、员工旅游、节日福利”
152,HAK高级数据分析师,深圳,[后海],21k-26k,21k-26k 经验3-5年 / 本科,顺丰科技有限公司,物流丨运输 / 不需要融资 / 2000人以上,数据分析,“弹性工作时间 发展空间大 午餐补贴”
153,商业数据分析师,深圳,[宝安区],50k-80k,50k-80k 经验3-5年 / 本科,vivo,硬件 / 未融资 / 2000人以上,移动互联网,"“股票期权,精英团队,弹性工作”"
154,高级数据分析师,深圳,[南山区],20k-30k,20k-30k 经验5-10年 / 本科,环球易购,电商 / 上市公司 / 2000人以上,电商 数据分析 数据运营,“上市公司 大牛团队 量级大 五险一金”
155,商业数据分析师,深圳,[大冲],10k-15k,10k-15k 经验3-5年 / 本科,前海亚农,"移动互联网,电商 / 不需要融资 / 50-150人",电商 数据分析 数据运营,“薪资高 老板nice”
156,（急招）数据分析师,深圳,[科技园],8k-12k,8k-12k 经验1-3年 / 本科,深圳市君仁科技发展有限公司,移动互联网 / 未融资 / 50-150人,数据分析 数据运营 SQL,"“周末双休,绩效奖金,假日福利，奖金丰厚”"
157,数据分析产品经理,深圳,[岗厦],10k-15k,10k-15k 经验3-5年 / 本科,华策,移动互联网 / 未融资 / 50-150人,用户研究 商业产品,"“五险一金,年终奖,通讯补贴,绩效奖金”"
158,数据分析师,深圳,[科技园],10k-20k,10k-20k 经验1-3年 / 本科,百融云创,金融 / C轮 / 500-2000人,大数据 银行 风控,"“五险一金,商业保险,弹性工作,福利补贴”"
159,数据分析师,深圳,[福田区],12k-20k,12k-20k 经验3-5年 / 不限,菲凡数据,"电商,数据服务 / 未融资 / 15-50人",大数据 云计算 数据分析,“五险一金、年底双薪、全勤奖、餐补”
160,数据分析师(社交电商),深圳,[新安],15k-25k,15k-25k 经验3-5年 / 硕士,京东集团,电商 / 上市公司 / 2000人以上,大数据 电商 数据分析 SQL,“世界500强”
161,电商数据分析师,深圳,[西丽],8k-12k,8k-12k 经验1-3年 / 本科,舒可士,"移动互联网,医疗丨健康 / B轮 / 50-150人",数据分析 电商运营,“快速发展 福利好”
162,数据分析师,深圳,[龙华新区],6k-12k,6k-12k 经验3-5年 / 本科,博函技术,"移动互联网,企业服务 / 不需要融资 / 15-50人",SPSS SQL 可视化 数据分析,“发展前景好、晋升空间大”
163,售前数据分析师,深圳,[南头],10k-20k,10k-20k 经验1-3年 / 本科,极光,企业服务 / 上市公司 / 500-2000人,大数据 金融 数据挖掘 数据分析,"“大数据,D轮+,14薪+,弹性工作”"
164,业务建模数据分析师,深圳,[国贸],18k-30k,18k-30k 经验5-10年 / 不限,阿卡索外教网,"教育,移动互联网 / C轮 / 2000人以上",教育 移动互联网 商业 增长黑客 数据分析 数据运营,“在线教育”
165,数据分析高级工程师,深圳,[前海],40k-70k,40k-70k 经验3-5年 / 本科,腾讯,社交 / 上市公司 / 2000人以上,数据分析 Hadoop Spark 数据挖掘,“腾讯平台 福利待遇好 技术成长”
166,游戏数据分析师,深圳,[南山区],15k-30k,15k-30k 经验3-5年 / 本科,字节跳动,文娱丨内容 / C轮 / 2000人以上,产品,“弹性工作，免费三餐，租房补贴，带薪休假”
167,商业数据分析师 (003969),深圳,[宝安区],50k-80k,50k-80k 经验3-5年 / 本科,vivo,硬件 / 未融资 / 2000人以上,移动互联网,"“弹性工作,股票期权,大数据平台 千万用户”"
168,数据分析产品经理,深圳,[南山区],10k-20k,10k-20k 经验3-5年 / 本科,思迪信息,"移动互联网,金融 / 未融资 / 500-2000人",证券/期货 数据分析 BI,“六险一金”
169,数据分析主管,深圳,[白石洲],15k-20k,15k-20k 经验3-5年 / 本科,魅动力,移动互联网 / C轮 / 150-500人,移动互联网 数据分析,“扁平化管理、福利完善、氛围活跃”
170,财务数据分析,深圳,[上沙],10k-20k,10k-20k 经验3-5年 / 本科,KLOOK 客路旅行,旅游 / D轮及以上 / 500-2000人,电商 旅游,"“国际化平台,环境舒适,好玩有趣”"
171,数据分析师,深圳,[福田区],10k-16k,10k-16k 经验3-5年 / 本科,BDS大数易,人工智能 / 天使轮 / 少于15人,大数据 MySQL,"“发展空间大,加薪空间大,能力说话”"
172,游戏数据分析师,深圳,[南山区],10k-20k,10k-20k 经验3-5年 / 本科,网石游戏,游戏 / 不需要融资 / 2000人以上,游戏,“待遇优厚，大平台”
173,银行数据分析岗位,深圳,[南山区],10k-20k,10k-20k 经验不限 / 本科,长亮科技,企业服务 / 上市公司 / 2000人以上,大数据,“五险一金，带薪年假，出差补贴”
174,商业数据分析师,深圳,[华侨城],15k-25k,15k-25k 经验3-5年 / 不限,超级猩猩健身,移动互联网 / D轮及以上 / 150-500人,新零售 电商 商业 BI 可视化 SQL,"“颜值高团队,扁平化管理,老板好,员工福利”"
175,征信数据分析师,深圳,[白石洲],8k-15k,8k-15k 经验不限 / 不限,美利金融,金融 / B轮 / 2000人以上,数据分析 MySQL Spark Hive,“平台大，薪资高”
176,数据分析产品经理,深圳,[岗厦],10k-15k,10k-15k 经验3-5年 / 本科,华策,移动互联网 / 未融资 / 50-150人,用户研究 商业产品,"“五险一金,年终奖,通讯补贴,绩效奖金”"
177,数据分析岗,深圳,[新洲],10k-15k,10k-15k 经验不限 / 本科,复融数据科技,"金融,数据服务 / A轮 / 50-150人",数据处理,“行业资深师傅 平台发展”
178,数据分析实习生,深圳,[上沙],1k-2k,1k-2k 经验不限 / 本科,九章天璇,"金融,数据服务 / 未融资 / 少于15人",Hadoop NLP Redis MongoDB,“初创企业”
179,电商数据分析专员,深圳,[科技园],8k-12k,8k-12k 经验1-3年 / 本科,多项式科技(深圳)有限公司,"移动互联网,电商 / 天使轮 / 50-150人",电商 数据分析,“弹性工时、优秀团队”
180,【国际业务部】高级数据分析工程师（深圳）,深圳,[南油],23k-46k,23k-46k 经验3-5年 / 本科,腾讯,社交 / 上市公司 / 2000人以上,Hadoop Spark Scala 数据分析,“国际业务、大平台”
181,电商数据分析师,深圳,[福田区],25k-30k,25k-30k 经验不限 / 本科,vivo,硬件 / 未融资 / 2000人以上,电商运营,“入职补贴、住房补贴、交通补贴”
182,数据分析师,深圳,[振华路],8k-15k,8k-15k 经验1-3年 / 本科,油柑网,电商 / 未融资 / 15-50人,电商 数据分析,“晋升空间大”
183,数据分析师（实习生）,深圳,[福田区],3k-5k,3k-5k 经验应届毕业生 / 本科,BDS大数易,人工智能 / 天使轮 / 少于15人,大数据,"“转正机会,培训”"
184,数据分析师,深圳,[科技园],15k-25k,15k-25k 经验3-5年 / 本科,领会科技,金融 / 不需要融资 / 50-150人,数据分析 数据运营 增长黑客,“底薪高，提成厚”
185,实习岗-数据分析,深圳,[南山区],4k-8k,4k-8k 经验不限 / 硕士,风变科技（深圳）有限公司,"移动互联网,教育 / A轮 / 150-500人",大数据 数据挖掘 数据分析,"“技术氛围,技术前沿,数据意识,发展舞台”"
186,互联网金融数据分析师,深圳,[白石洲],12k-20k,12k-20k 经验3-5年 / 本科,中腾信,金融 / 不需要融资 / 2000人以上,金融 风控 分析师 策略设计,"“年终奖丰富,六险一金 团队NICE”"
187,数据分析实习生,深圳,[沙头角],4k-6k,4k-6k 经验应届毕业生 / 本科,码隆科技,移动互联网 / B轮 / 50-150人,大数据,"“成长空间大,大牛云集,海景办公室,包午餐”"
188,数据分析师,深圳,[科技园],5k-9k,5k-9k 经验1-3年 / 大专,叁亿广告,"移动互联网,社交 / 不需要融资 / 15-50人",数据分析,"“福利好,待遇棒,补贴多,老板好”"
189,高级数据分析师,深圳,[新安],18k-30k,18k-30k 经验5-10年 / 本科,京东集团,电商 / 上市公司 / 2000人以上,SQL 数据分析 SPSS,“五险一金周末双休晋升空间团队氛围”
190,数据分析,深圳,[南山区],10k-20k,10k-20k 经验1-3年 / 本科,小赢科技,金融 / 上市公司 / 500-2000人,五险一金 两餐补助 超低息员工贷 年底奖金,"“绩效奖金,弹性工作,五险一金”"
191,高级数据分析师（数据治理方向）,深圳,[南山区],20k-40k,20k-40k 经验5-10年 / 本科,华润集团总部信息化团队,移动互联网 / 不需要融资 / 150-500人,其他 数据分析,“发展空间大”
192,金融业务数据分析师,深圳,[南山区],20k-40k,20k-40k 经验3-5年 / 本科,OPPO,硬件 / 不需要融资 / 2000人以上,移动互联网 数据分析 Spark Hadoop,"“大平台,给力薪酬,海景办公楼,高配健身房”"
193,初级数据分析师,深圳,[下沙],4k-5k,4k-5k 经验1年以下 / 大专,乐格信息,"企业服务,数据服务 / A轮 / 150-500人",大数据 移动互联网 商业,“试用期6险一金 周末双休”
194,数据分析实习生,深圳,[岗厦],2k-4k,2k-4k 经验应届毕业生 / 本科,Gridsum 国双,"数据服务,企业服务 / 上市公司 / 500-2000人",数据分析,“上市公司、牛人多、氛围好、”
195,高级数据分析工程师（线上讲师）,深圳,[南山区],2k-3k,2k-3k 经验3-5年 / 本科,腾讯,社交 / 上市公司 / 2000人以上,数据挖掘 数据分析 数据仓库 MySQL,“行业发声好机会，打造个人品牌”
196,高级数据分析师（用户体验设计）,深圳,[新安],17k-34k,17k-34k 经验3-5年 / 本科,京东集团,电商 / 上市公司 / 2000人以上,大数据 数据分析 数据处理,"“年底双薪,绩效奖金,免费班车,上升空间”"
197,数据分析实习生,深圳,[宝安区],4k-7k,4k-7k 经验不限 / 大专,恒实网络,移动互联网 / 未融资 / 50-150人,数据仓库 数据分析 数据压缩 MongoDB,“早九晚六 五险一金 周末双休”
198,数据分析实习生,深圳,[南山区],4k-6k,4k-6k 经验应届毕业生 / 本科,深圳白骑士大数据有限公司,"企业服务,金融 / A轮 / 50-150人",大数据 数据挖掘 数据分析,"“转正机会,发展空间大,领导好”"
199,数据分析经理（金融产品端）,深圳,[后海],15k-30k,15k-30k 经验3-5年 / 本科,小赢科技,金融 / 上市公司 / 500-2000人,数据分析,“公司平台广，福利待遇好，领导nice”
200,数据分析助理,深圳,[科技园],4k-7k,4k-7k 经验1年以下 / 不限,光速生长,"电商,文娱丨内容 / 不需要融资 / 少于15人",电商 数据分析,“五险一金 员工福利”
201,大数据开发 （数据分析方向）,深圳,[西乡],12k-20k,12k-20k 经验3-5年 / 本科,万师傅,"电商,消费生活 / A轮 / 150-500人",数据仓库 数据分析,"“五险一金,带薪年假,员工旅游,地铁附近”"
202,DSJ-高级大数据挖掘与分析工程师（数据分析）,深圳,[后海],30k-55k,30k-55k 经验5-10年 / 本科,顺丰科技有限公司,物流丨运输 / 不需要融资 / 2000人以上,数据分析 Hive,“弹性工作时间 发展空间大 午餐补贴”
203,风险管理数据分析师,深圳,[南山区],8k-15k,8k-15k 经验1年以下 / 本科,人人聚财,金融 / A轮 / 2000人以上,SQL 数据分析,“团队氛围好，发展空间大，专业提升”
204,bi数据分析师,深圳,[南山区],15k-25k,15k-25k 经验3-5年 / 不限,Travel Tao,"移动互联网,旅游 / 不需要融资 / 15-50人",BI 数据分析 数据运营 SQL,“充足成长空间和激励 团队氛围和产品好”
205,高级数据分析师,深圳,[深圳湾],13k-25k,13k-25k 经验3-5年 / 本科,顺丰速运,物流丨运输 / 上市公司 / 2000人以上,MySQL Hadoop 数据分析,“大平台 氛围好 福利完善 晋升空间”
206,BI 数据分析师 - Data Analyst,深圳,[南山区],8k-12k,8k-12k 经验不限 / 本科,Shopee,电商 / 上市公司 / 2000人以上,电商 BI 数据分析,"“东南亚电商,牛人多,15天年假”"
207,爬虫/数据分析工程师实习生,深圳,[新安],3k-5k,3k-5k 经验应届毕业生 / 本科,Gekko.ai,"数据服务,金融 / 不需要融资 / 15-50人",大数据 数据分析 数据处理 数据架构 MySQL,"“极客精神,前沿技术,空间大,挑战性”"
208,中级数据分析师（Tableau方向）,深圳,[坂田],10k-15k,10k-15k 经验3-5年 / 本科,优阅达,"企业服务,数据服务 / 不需要融资 / 15-50人",可视化,“发展前景良好”
209,BI数据分析师,深圳,[香蜜湖],15k-20k,15k-20k 经验3-5年 / 本科,鹏元征信有限公司,"金融,数据服务 / 不需要融资 / 150-500人",数据分析 数据处理 SQLServer,“大数据 综合信用 风险控制”
210,数据分析平台开发工程师（Python）,深圳,[前海],20k-40k,20k-40k 经验3-5年 / 本科,腾讯,社交 / 上市公司 / 2000人以上,大数据 Python 数据库,"“大数据,数据分析,BI,知识图谱”"
211,离线数据分析,深圳,[新安],15k-30k,15k-30k 经验3-5年 / 本科,京东集团,电商 / 上市公司 / 2000人以上,Hadoop Spark,“弹性上班、商业保险、餐费补贴、免费班车”
212,BI 资深数据分析师,深圳,[大冲],15k-25k,15k-25k 经验3-5年 / 本科,Shopee,电商 / 上市公司 / 2000人以上,数据分析 SPSS SQL 数据库,"“新加坡公司,东南亚电商,牛人多”"
213,风控数据分析师2845,深圳,[南山区],20k-40k,20k-40k 经验3-5年 / 本科,OPPO,硬件 / 不需要融资 / 2000人以上,移动互联网 数据分析,"“弹性工作,股票期权,奖金丰厚,福利待遇好”"
214,高级数据分析工程师,深圳,[南油],25k-45k,25k-45k 经验5-10年 / 本科,和煦咨询,企业服务 / 未融资 / 少于15人,数据分析,“前景好”
215,BI数据分析师 / BA,深圳,[南山区],15k-25k,15k-25k 经验5-10年 / 本科,WeLab卫盈联,金融 / B轮 / 500-2000人,大数据 数据分析 BI,“金融科技50强，空间大，环境好，福利全”
216,德语基金数据分析员,深圳,[车公庙],6k-8k,6k-8k 经验不限 / 本科,晨星Morningstar,金融 / 上市公司 / 500-2000人,金融,“周末双休、氛围好 外企环境”
217,数据分析运营经理,深圳,[南山区],15k-28k,15k-28k 经验3-5年 / 本科,招联金融,金融 / 不需要融资 / 500-2000人,互联网金融 运营 产品运营 数据分析,"“福利待遇好,奖金丰厚,千万级用户”"
218,Python 数据分析,深圳,[亮马桥],13k-25k,13k-25k 经验3-5年 / 大专,海万科技,"移动互联网,金融 / 不需要融资 / 500-2000人",大数据 金融 可视化 数据分析,"“最先进的技,大项目,交通便利,环境好”"
219,金融数据分析师（互联网信贷）,深圳,[后海],15k-20k,15k-20k 经验3-5年 / 本科,小赢科技,金融 / 上市公司 / 500-2000人,大数据 互联网金融,“公司平台广阔，福利待遇好，领导nice”
220,高级数据分析师——消费金融风控,深圳,[深圳湾],15k-30k,15k-30k 经验3-5年 / 本科,AKULAKU,"移动互联网,金融 / D轮及以上 / 500-2000人",风险分析 信贷风险管理,"“项目前景好,成长空间大,期权激励”"
221,销售助理（数据分析）,深圳,[南山区],7k-9k,7k-9k 经验1-3年 / 大专,优乐学科技,"移动互联网,教育 / A轮 / 150-500人",数据分析,“团队氛围nice 入职购买五险一金”
222,贷前反欺诈数据分析师,深圳,[莲花北村],10k-20k,10k-20k 经验1-3年 / 本科,马上金融,"金融,移动互联网 / 不需要融资 / 2000人以上",互联网金融 风控,“发展空间大；午餐补助；扁平管理；”
223,反欺诈数据分析师,深圳,[南山区],9k-16k,9k-16k 经验1-3年 / 本科,麦芒科技,"移动互联网,金融 / 不需要融资 / 50-150人",风控 策略设计,"“固定15薪,六险一金,各种团建,各种福利”"
224,DSQ产品经理（数据分析）,深圳,[南山区],15k-30k,15k-30k 经验3-5年 / 本科,顺丰科技有限公司,物流丨运输 / 不需要融资 / 2000人以上,企业服务,“晋升空间 发展平台”
225,用户增长数据分析经理,深圳,[南山区],30k-60k,30k-60k 经验5-10年 / 本科,腾讯,社交 / 上市公司 / 2000人以上,MySQL 数据分析 数据处理 ETL,“大平台”
226,初级python数据分析,深圳,[福田区],10k-15k,10k-15k 经验1-3年 / 本科,海万科技,"移动互联网,金融 / 不需要融资 / 500-2000人",后端,“五险一金，周末双休，朝九晚六”
227,运营数据分析专家,深圳,[南山区],30k-35k,30k-35k 经验5-10年 / 本科,环球易购,电商 / 上市公司 / 2000人以上,数据分析,“大平台”
228,Java高级数据分析工程师,深圳,[华强北],15k-30k,15k-30k 经验3-5年 / 本科,活动行,移动互联网 / A轮 / 50-150人,大数据 Java 数据挖掘 算法 机器学习,"“五险一金,年终奖,全勤奖,环境好”"
229,人力资源数据分析产品经理,深圳,[南山区],20k-25k,20k-25k 经验3-5年 / 本科,华润集团总部信息化团队,移动互联网 / 不需要融资 / 150-500人,其他 产品设计 产品策划,“发展空间大”
230,运营支持（数据分析）,深圳,[车公庙],6k-10k,6k-10k 经验1-3年 / 本科,mobike摩拜单车,汽车丨出行 / D轮及以上 / 150-500人,其他 通信/网络设备,“五险一金”
231,XLS-产品运营经理(产品运营、数据分析),深圳,[大冲],20k-30k,20k-30k 经验3-5年 / 本科,微众银行,金融 / 未融资 / 2000人以上,数据分析,“五险一金 绩效奖金 带薪年假”
232,ZHB-中高级产品经理（数据分析方向）,深圳,[后海],20k-30k,20k-30k 经验3-5年 / 本科,顺丰科技有限公司,物流丨运输 / 不需要融资 / 2000人以上,企业服务 移动互联网,“福利待遇高，发展前景好”
233,大数据分析工程师,深圳,[深圳湾],25k-50k,25k-50k 经验5-10年 / 本科,万科,房产家居 / 上市公司 / 2000人以上,大数据 移动互联网 数据挖掘 数据分析,"“世界五百强,地产龙头企,薪资福利佳,挑战大”"
234,用户数据分析专员,深圳,[沙嘴],15k-25k,15k-25k 经验3-5年 / 本科,顺丰-丰e足食,"移动互联网,消费生活 / 上市公司 / 2000人以上",BI 数据分析 数据运营 SQL,“公司平台”
235,python数据分析,深圳,[大冲],14k-25k,14k-25k 经验3-5年 / 大专,华驰信息,金融 / 未融资 / 50-150人,电商 视频,“弹性工作、五险一金、领导Nice”
236,高级战略规划经理（数据分析领域）,深圳,[科技园],20k-40k,20k-40k 经验5-10年 / 本科,OPPO,硬件 / 不需要融资 / 2000人以上,移动互联网,“大平台 给力薪酬 组织氛围好”
237,软件大数据分析工程师,深圳,[上梅林],20k-40k,20k-40k 经验1-3年 / 本科,vivo,硬件 / 未融资 / 2000人以上,大数据 Java 数据分析,"“福利好,平台大,工作氛围赞,同事颜值高”"
238,惠运力运营专家（数据分析方向）-深圳(J190614002),深圳,[南山区],8k-15k,8k-15k 经验3-5年 / 本科,滴滴,汽车丨出行 / 不需要融资 / 2000人以上,滴滴,“大平台 快速成长”
239,4721D6-智慧社区-高级大数据分析工程师,深圳,[南山区],15k-25k,15k-25k 经验3-5年 / 本科,平安智慧城,移动互联网 / 不需要融资 / 2000人以上,数据分析,"“五险一金,带薪年假,免费班车,节日福利”"
240,广告数据分析经理,深圳,[科技园],20k-40k,20k-40k 经验3-5年 / 本科,腾讯,社交 / 上市公司 / 2000人以上,广告营销 数据分析 MySQL,“大公司，福利好，岗位前景好”
241,KKJ-互联网产品经理(数据分析产品设计方向),深圳,[大冲],20k-30k,20k-30k 经验3-5年 / 本科,微众银行,金融 / 未融资 / 2000人以上,产品设计 需求分析 数据分析,“五险一金 绩效奖金 带薪年假”
242,大数据分析与挖掘工程师,深圳,[沙嘴],18k-30k,18k-30k 经验3-5年 / 本科,顺丰-丰e足食,"移动互联网,消费生活 / 上市公司 / 2000人以上",数据挖掘 MySQL,"“发展空间大,品牌影响”"
243,大数据分析挖掘工程师（KDC）,深圳,[南山区],14k-28k,14k-28k 经验3-5年 / 本科,金蝶,企业服务 / 上市公司 / 2000人以上,数据分析 数据挖掘 算法,“大平台、导师制、工作环境佳、发展潜力大”
244,大数据分析与挖掘工程师,深圳,[前海],17k-28k,17k-28k 经验3-5年 / 本科,云天励飞,人工智能 / B轮 / 500-2000人,数据挖掘 数据分析,“人工智能”
245,产品设计师（数据分析方向）,深圳,[科技园],10k-15k,10k-15k 经验1-3年 / 本科,金蝶金融,金融 / 未融资 / 50-150人,数据分析,“平台好 发展好 团队氛围好”
246,python开发（数据分析）,深圳,[福田区],10k-15k,10k-15k 经验3-5年 / 本科,海万科技,"移动互联网,金融 / 不需要融资 / 500-2000人",Python MySQL 数据库,“五险一金，节假日福利”
247,PCG01-QQ后台高级数据分析工程师,深圳,[前海],20k-40k,20k-40k 经验3-5年 / 本科,腾讯,社交 / 上市公司 / 2000人以上,数据分析,“大平台”
248,pcg01-qq后台高级数据分析工程师,深圳,[科技园],30k-60k,30k-60k 经验3-5年 / 硕士,腾讯,社交 / 上市公司 / 2000人以上,Hadoop,“平台大”
249,腾讯音乐数据分析高级工程师,深圳,[南山区],20k-40k,20k-40k 经验不限 / 本科,腾讯,社交 / 上市公司 / 2000人以上,移动互联网 数据挖掘 数据分析,“免费班车；员工食堂；健身房；鹅厂福利”
250,SA-腾讯社交广告数据分析工程师（微信广告 深圳）,深圳,[南油],18k-36k,18k-36k 经验1-3年 / 本科,腾讯,社交 / 上市公司 / 2000人以上,算法,“鹅厂福利”
251,PCG10-信息流数据分析产品经理,深圳,[科技园],15k-25k,15k-25k 经验3-5年 / 本科,腾讯,社交 / 上市公司 / 2000人以上,产品策划 数据分析 用户增长,“腾讯 大平台 福利好 成长快”
252,信息流数据分析产品经理,深圳,[科技园],15k-25k,15k-25k 经验3-5年 / 本科,腾讯,社交 / 上市公司 / 2000人以上,产品策划,"“大平台,福利多”"
253,企鹅号大数据分析开发（深圳）,深圳,[科技园],18k-35k,18k-35k 经验3-5年 / 本科,腾讯,社交 / 上市公司 / 2000人以上,数据分析 数据仓库 数据挖掘,"“福利好,平台大,薪酬高”"
254,短视频大数据分析开发（深圳）,深圳,[科技园],18k-35k,18k-35k 经验3-5年 / 本科,腾讯,社交 / 上市公司 / 2000人以上,数据分析 数据仓库 数据挖掘,"“福利好,平台大,薪酬高”"
255,PCG15-互动视频大数据分析高级工程师,深圳,[南山区],18k-25k,18k-25k 经验1-3年 / 大专,腾讯,社交 / 上市公司 / 2000人以上,Hive MySQL 算法 数据仓库,“福利好，大平台，待遇高”
256,数据分析师助理 ,深圳,[南山区],5k-8k,5k-8k 经验不限 / 本科,一面数据,"移动互联网,数据服务 / A轮 / 50-150人",大数据,“大数据人工智能；名校系大牛；技术氛围浓”
257,风控数据分析师,深圳,[南山区],13k-20k,13k-20k 经验3-5年 / 本科,深圳白骑士大数据有限公司,"企业服务,金融 / A轮 / 50-150人",数据库 数据分析 SQL BI,"“高速发展,创新型,有挑战”"
258,广告数据分析师leader,深圳,[新安],35k-60k,35k-60k 经验5-10年 / 博士,京东集团,电商 / 上市公司 / 2000人以上,电商 大数据 数据分析,“500强，免费班车，五险一金，带薪年休假”
259,广告数据分析师leader,深圳,[新安],25k-50k,25k-50k 经验5-10年 / 本科,京东集团,电商 / 上市公司 / 2000人以上,电商 数据分析 SQLServer,“500强，免费班车，五险一金，带薪年休假”
260,增长经理/增长黑客（数据分析方向）,深圳,[南山区],30k-50k,30k-50k 经验5-10年 / 本科,极光,企业服务 / 上市公司 / 500-2000人,大数据 数据分析,"“大数据平台,纳斯达克,扁平化管理”"
261,SL产品运营经理（数据分析）,深圳,[后海],15k-30k,15k-30k 经验5-10年 / 本科,顺丰科技有限公司,物流丨运输 / 不需要融资 / 2000人以上,其他,“发展空间大”
