,标题,城市,公司地点,薪资待遇,工位要求,公司名称,公司级别,岗位技能,公司短评
0,数据分析师,苏州,[独墅湖],12k-24k,12k-24k 经验1-3年 / 硕士,苏州瑞鹏信息技术有限公司,"移动互联网,数据服务 / 不需要融资 / 50-150人",大数据 SPSS 数据分析 SQL,“高速发展公司 大牛团队”
1,数据分析师,苏州,[独墅湖],15k-25k,15k-25k 经验3-5年 / 本科,瑞小云,移动互联网 / 不需要融资 / 15-50人,大数据 数据分析 SQL 数据库 可视化,“五险一金、绩效奖金、年终多薪、年度旅游。”
2,数据分析师,苏州,[工业园区],7k-9k,7k-9k 经验1-3年 / 本科,东莞美宜佳,其他 / 不需要融资 / 500-2000人,新零售,“管理人性化 福利待遇优”
3,数据分析工程师,苏州,[工业园区],10k-13k,10k-13k 经验1-3年 / 本科,微创软件,"企业服务,移动互联网 / 不需要融资 / 2000人以上",BI 可视化 数据分析,“大平台 人工智能”
4,高级数据分析师,苏州,[独墅湖],15k-20k,15k-20k 经验3-5年 / 本科,瑞翼,移动互联网 / 不需要融资 / 150-500人,移动互联网 大数据 数据分析 数据运营 商业,“五险一金；年终奖金；绩效奖金”
5,数据产品经理（数据分析方向）,苏州,[娄葑],10k-15k,10k-15k 经验1-3年 / 本科,智慧芽,移动互联网 / D轮及以上 / 150-500人,数据分析,“行业领头者 全球化业务布局”
6,BI数据分析师,苏州,[吴江区],10k-20k,10k-20k 经验不限 / 本科,飞旭电子,企业服务 / 未融资 / 2000人以上,SQLServer 数据分析 数据挖掘 ETL,“法资外企 出国机会 领导Nice”
7,数据运营/数据分析师,苏州,[独墅湖],10k-20k,10k-20k 经验3-5年 / 本科,瑞小云,移动互联网 / 不需要融资 / 15-50人,大数据 互联网金融 运营 数据分析 产品运营 效果跟踪,“五险一金、绩效奖金、年终多薪、年度旅游。”
