,标题,城市,地点,薪资待遇,岗位要求,名称,级别,岗位技能,短评
0,高级数据分析（对标985/211）,武汉,[白沙洲],8k-15k,8k-15k 经验1-3年 / 本科,易佰网络科技,"电商,移动互联网 / B轮 / 2000人以上",电商 算法 数据挖掘 数据分析 数据处理,“五险一金/节日福利/专业培训/全勤奖”
1,数据分析师,武汉,[洪山区],10k-20k,10k-20k 经验不限 / 不限,悦然心动,"社交,游戏 / 上市公司 / 150-500人",可视化 数据库 数据分析,“带薪出国游；千万级用户”
2,数据分析师,武汉,[东湖新技术…],10k-15k,10k-15k 经验5-10年 / 本科,盛天网络,"游戏,文娱丨内容 / 上市公司 / 500-2000人",数据分析 数据运营,“福利好 发展快”
3,数据分析师,武汉,[洪山区],20k-40k,20k-40k 经验3-5年 / 本科,字节跳动,文娱丨内容 / C轮 / 2000人以上,数据分析,“弹性工作，免费三餐，晋升空间，团队氛围好”
4,数据分析,武汉,[东湖新技术…],5k-10k,5k-10k 经验不限 / 大专,诸葛io,"企业服务,数据服务 / A轮 / 50-150人",大数据 企业服务 SQL,“五险一金 带薪年假 定期团建”
5,数据分析专员,武汉,[流芳],6k-9k,6k-9k 经验3-5年 / 本科,天贝科技,移动互联网 / 未融资 / 150-500人,SPSS SQL 数据分析,“双休 五险”
6,数据分析师/数据产品经理,武汉,[流芳],18k-36k,18k-36k 经验5-10年 / 本科,小米,硬件 / D轮及以上 / 2000人以上,大数据,“五险一金、弹性工作、双休、团队氛围好”
7,数据分析-武汉,武汉,[东湖新技术…],15k-30k,15k-30k 经验5-10年 / 本科,深圳市丰巢科技有限公司,消费生活 / A轮 / 500-2000人,物流 移动互联网 数据分析 数据处理 数据挖掘,“扁平化管理 大平台 薪酬福利好”
8,数据分析师,武汉,[中北路],4k-7k,4k-7k 经验1-3年 / 本科,长江云新媒体集团,"移动互联网,数据服务 / 未融资 / 150-500人",数据分析 数据运营,“五险一金，饭补，交通费，周末双休”
9,数据分析师,武汉,[关山],8k-12k,8k-12k 经验3-5年 / 本科,斗鱼直播,文娱丨内容 / D轮及以上 / 2000人以上,分析,“下午茶；五险一金；弹性工作；前景好；”
10,资深数据分析师,武汉,[硚口区],15k-25k,15k-25k 经验3-5年 / 本科,Today今天连锁便利,消费生活 / B轮 / 500-2000人,新零售 电商 数据分析 数据挖掘 数据仓库,“平台大 发展快 不打卡”
11,数据分析师,武汉,[流芳],5k-8k,5k-8k 经验1-3年 / 大专,去哪儿网,旅游 / 不需要融资 / 2000人以上,电商 数据分析,“弹性时间 周末双休 五险一金”
12,数据分析师,武汉,[光谷],5k-8k,5k-8k 经验1-3年 / 大专,小红书,消费生活 / D轮及以上 / 500-2000人,移动互联网 数据分析,“六险一金 周末双休 13薪 定期体检等”
13,数据分析师,武汉,[珞南],10k-18k,10k-18k 经验1-3年 / 本科,跟谁学,"移动互联网,教育 / 上市公司 / 2000人以上",移动互联网 教育 数据分析 SQL 数据库,“周末双休、六险一金、带薪年假、员工旅游”
14,数据分析师助理,武汉,[珞狮南路],4k-5k,4k-5k 经验不限 / 大专,福韵数据服务有限公司,"移动互联网,数据服务 / A轮 / 150-500人",信息安全 大数据 数据分析 SQL SPSS 数据库,“助理-初一级-初二级-中一级等上升平台”
15,数据分析主管,武汉,[江夏区],15k-20k,15k-20k 经验5-10年 / 本科,盛天网络,"游戏,文娱丨内容 / 上市公司 / 500-2000人",电商 可视化 BI 数据分析 数据运营,“福利好 发展快”
16,数据分析经理（光谷）,武汉,[东湖新技术…],15k-30k,15k-30k 经验3-5年 / 本科,字节跳动,文娱丨内容 / C轮 / 2000人以上,数据分析,“六险一金，餐补，租房补贴，带薪休假”
17,资深数据分析师,武汉,[东湖新技术…],10k-20k,10k-20k 经验5-10年 / 本科,途虎养车网,汽车丨出行 / D轮及以上 / 2000人以上,大数据 BI 可视化 数据分析,"“一年多次调,优秀团队,地铁周边”"
18,数据分析主管,武汉,[丁字桥],8k-12k,8k-12k 经验3-5年 / 大专,时时同云科技（成都）有限责任公司,"移动互联网,消费生活 / C轮 / 2000人以上",本地生活 数据分析 数据处理,“六险一金 阿里背景”
19,数据分析师(J10441),武汉,[关山],15k-30k,15k-30k 经验不限 / 硕士,百分点,数据服务 / D轮及以上 / 500-2000人,数据分析,“技术大牛，福利齐全”
20,高级数据分析师,武汉,[流芳],,12k-20k 经验5-10年 / 本科,优品财富管理有限公司,金融 / 未融资 / 500-2000人,移动互联网 SQLServer 数据仓库,"“BAT团队,团队氛围好,晋升空间大”"
21,高级数据分析师,武汉,[珞狮南路],10k-20k,10k-20k 经验3-5年 / 不限,福韵数据服务有限公司,"移动互联网,数据服务 / A轮 / 150-500人",数据分析 数据挖掘 SQLServer MySQL,“五险一金，年终奖，培训”
22,高级数据分析师,武汉,[东亭],10k-15k,10k-15k 经验3-5年 / 本科,中国婚博会,其他 / 不需要融资 / 500-2000人,数据仓库 数据分析 数据挖掘,“五险一金 弹性工作 双休”
23,数据分析（校招/实习）,,[东湖新技术…],,4k-8k 经验应届毕业生 / 本科,微派,社交 / B轮 / 50-150人,数据分析,"“发展空间大,大牛带”"
24,高级业务数据分析师,,[光谷],10k-15k,10k-15k 经验3-5年 / 本科,小红书,消费生活 / D轮及以上 / 500-2000人,数据分析,“六险一金 周末双休 13薪 定期体检等”
25,数据分析工程师,,[东湖新技术…],12k-18k,12k-18k 经验应届毕业生 / 本科,极验,"信息安全,数据服务 / B轮 / 50-150人",大数据 数据挖掘 数据分析,"“有挑战性,技术先驱,大牛队友”"
26,亚马逊数据分析,武汉,[白沙洲],8k-13k,8k-13k 经验不限 / 本科,易佰网络科技,"电商,移动互联网 / B轮 / 2000人以上",电商 数据分析,“五险一金下午茶全勤带薪年假法定假等”
27,数据分析师,武汉,[洪山区],,5k-10k 经验1-3年 / 本科,掌游科技,"移动互联网,游戏 / 上市公司 / 150-500人",数据分析 数据运营,"“流水过亿,扁平管理,专业团队,定期培训”"
28,数据分析经理,武汉,[中北路],12k-20k,12k-20k 经验5-10年 / 本科,安居客,"移动互联网,消费生活 / 上市公司 / 500-2000人",策略运营 数据分析,“五险一金、年终奖、超长过年假”
29,数据分析工程师,武汉,[关山],10k-15k,10k-15k 经验3-5年 / 本科,海康威视武汉研发中心,"信息安全,数据服务 / 上市公司 / 2000人以上",大数据,“六险一金；大平台”
30,商业化-高级数据分析师,武汉,[洪山区],8k-16k,经验3-5年 / 本科,字节跳动,文娱丨内容 / C轮 / 2000人以上,项目管理,“六险一金，餐补，带薪休假，扁平管理”
31,数据分析产品经理,武汉,[珞狮南路],8k-15k,8k-15k 经验1-3年 / 本科,福韵数据服务有限公司,"移动互联网,数据服务 / A轮 / 150-500人",大数据 产品设计 需求分析 数据分析 项目管理,“五险一金，年终奖，培训”
32,数据分析师,武汉,[东湖新技术…],8k-10k,8k-10k 经验应届毕业生 / 硕士,看电影了没,"移动互联网,文娱丨内容 / 不需要融资 / 15-50人",视频 SPSS 数据分析 SQL,“粉丝多 ；福利多；前景好；不官僚”
33,资深数据分析工程师\数据分析专家,武汉,[洪山区],15k-30k,15k-30k 经验5-10年 / 本科,斗鱼直播,文娱丨内容 / D轮及以上 / 2000人以上,大数据 数据挖掘 数据分析,"“行业发展快,公司发展好”"
34,数据分析师,武汉,[江夏区],7k-14k,7k-14k 经验3-5年,烽火科技·虹旭信息技术有限公司,"信息安全,数据服务 / 不需要融资 / 150-500人",数据分析 数据运营,"“班车,提供食宿,奖金,薪酬增长,沟通畅通”"
35,数据分析师,武汉,[中北路],8k-15k,8k-15k 经验5-10年 / 本科,安居客,"移动互联网,消费生活 / 上市公司 / 500-2000人",数据运营 数据分析,“五险一金、年终奖、超长过年假”
36,安全数据分析工程师,武汉,[东湖新技术…],10k-14k,10k-14k 经验1-3年 / 本科,绿盟科技,信息安全 / 上市公司 / 500-2000人,信息安全 数据分析,“五险一金；绩效奖金；股票期权”
37,数据分析工程师,武汉,[武昌区],9k-15k,9k-15k 经验不限 / 本科,天风证券,金融 / 不需要融资 / 2000人以上,证券/期货 MySQL Oracle Java SQLServer,"“精英团队,发展空间大,福利待遇好”"
38,数据分析专员（英语六级）,武汉,[东湖新技术…],4k-6k,4k-6k 经验不限 / 本科,普利菲特,电商 / 未融资 / 15-50人,大数据 广告营销 数据分析 数据运营,“弹性工作，五险一金”
39,数据分析主管/经理,武汉,[关山],20k-30k,20k-30k 经验5-10年 / 本科,慧控科技,移动互联网 / 不需要融资 / 50-150人,数据分析,“五险一金 三个月年终奖”
40,数据分析算法工程师,武汉,,10k-20k,10k-20k 经验3-5年 / 硕士,三藏科技,软件开发 / 未融资 / 15-50人,建模 机器学习 算法,“办公环境优、资深大佬指导、领导超Nice”
41,风控数据分析师,武汉,[流芳],10k-18k,10k-18k 经验3-5年 / 本科,天贝科技,移动互联网 / 未融资 / 150-500人,大数据 移动互联网 可视化 数据分析 商业,“发展空间大高薪高福利出国游周末双休”
42,商业化-高级数据分析师,武汉,[洪山区],6k-12k,6k-12k 经验3-5年 / 本科,字节跳动,文娱丨内容 / C轮 / 2000人以上,移动互联网 数据分析 行业分析 市场竞争分析,“六险一金、团队氛围好、餐补、扁平化管理”
43,商业化-数据分析支持,武汉,[洪山区],5k-10k,5k-10k 经验1-3年 / 本科,字节跳动,文娱丨内容 / C轮 / 2000人以上,广告营销 技术支持,“六险一金、团队氛围好、带薪休假、晋升空间”
44,高级数据分析产品经理,武汉,[鲁巷],25k-40k,25k-40k 经验5-10年 / 本科,斗鱼直播,文娱丨内容 / D轮及以上 / 2000人以上,直播 数据分析,“发展空间大，福利齐全”