,标题,城市,公司地点,薪资待遇,工位要求,公司名称,公司级别,岗位技能,公司短评
0,数据分析师,西安,[莲湖区],4k-7k,4k-7k 经验1-3年 / 本科,字节跳动,文娱丨内容 / C轮 / 2000人以上,扁平管理 弹性工作 大厨定制三餐 就近租房补贴,“六险一金，弹性工作，餐补，租房补贴，带薪休假，休闲下午茶，扁平管理，团队氛围好”
1,数据分析员,西安,[雁塔区],4k-8k,4k-8k 经验1-3年 / 大专,美国亚米网,"电商,消费生活 / A轮 / 50-150人",交通补助 弹性工作 帅哥多 领导好,“十三薪；五险一金；出国机会；弹性工作”
2,数据分析工程师,西安,[曲江新区],3k-4k,3k-4k 经验不限 / 大专,维视科技,移动互联网 / A轮 / 50-150人,大数据 移动互联网 数据挖掘 数据分析,"“精英团队,美资企业,深度学习,人工智能”"
3,高级数据分析师（python MySQL),西安,[沣惠南路],10k-16k,10k-16k 经验3-5年 / 本科,贝业思,"数据服务,移动互联网 / 不需要融资 / 15-50人",大数据,"“股权激励,五险一金,算法牛人,扁平管理”"
4,数据分析师,西安,[旺座现代城],3k-6k,3k-6k 经验1-3年 / 本科,Atomobi,"移动互联网,游戏 / 天使轮 / 15-50人",数据分析,“五险一金，下午茶，节假日礼品，不定时旅游”
5,数据分析专员,西安,[雁塔区],5k-6k,5k-6k 经验1-3年 / 本科,西安鼎胜,移动互联网 / 未融资 / 2000人以上,SPSS 数据分析,“缴纳社保 员工福利 生日礼物 团建活动”
6,数据分析师,西安,[新城区],4k-6k,4k-6k 经验1-3年 / 本科,西安天邦测绘科技有限公司,移动互联网 / 未融资 / 15-50人,数据分析 SPSS SQL,“五险一金、补助、奖金、体检”
7,数据分析员,西安,[高新技术产…],3k-6k,3k-6k 经验1-3年 / 大专,爱特眼动,"移动互联网,数据服务 / 未融资 / 少于15人",数据分析,“扁平化管理、发展空间大、团队氛围好”
8,安全数据分析工程师(ESM)(J11929),西安,[雁塔区],11k-18k,11k-18k 经验1-3年 / 本科,绿盟科技,信息安全 / 上市公司 / 500-2000人,信息安全 大数据 Hadoop Spark 数据分析 数据挖掘,“上市公司；弹性工作；待遇优厚；优秀导师；”
9,数据分析开发工程师,西安,[高新技术产…],8k-10k,8k-10k 经验3-5年 / 本科,讯格软件,"数据服务,企业服务 / 未融资 / 15-50人",大数据 移动互联网 数据分析,“定期体检 周末双休 节日福利”
10,数据分析师,西安,[莲湖区],6k-11k,6k-11k 经验3-5年 / 本科,字节跳动,文娱丨内容 / C轮 / 2000人以上,内容,“六险一金，弹性工作，餐补，租房补贴”
11,数据分析实习生,西安,[高新技术产…],2k-3k,2k-3k 经验不限 / 大专,爱特眼动,"移动互联网,数据服务 / 未融资 / 少于15人",数据分析,“扁平化管理、发展空间大、团队氛围好”
